Player,Span,Mat,Inns,Dis,Ct,St
MS Singh (INDIA),2006-2019,98,97,91,57,34
AB de Villiers (SA),2006-2017,88,78,72,65,7
D Ramdin (WI),2006-2019,71,81,63,43,20
Kamran Akmal (PAK),2006-2017,58,58,70,28,32
Mushfiqur Rahim (BDESH),2006-2019,84,82,59,41,38
Mohammad Shahzad (AFG),2010-2018,65,65,54,26,28
DA Miller (SA/World),2010-2019,72,72,52,51,1
Umar Akmal (PAK),2009-2019,84,84,52,50,2
Shoaib Malik (ICC/PAK),2006-2019,111,111,50,50,0
Q de Kock (SA),2012-2019,38,38,46,36,10
MJ Guptill (NZ),2009-2019,83,82,46,46,0
GC Wilson (IRE),2008-2019,78,76,46,39,7
KC Sangakkara (SL),2006-2014,56,56,45,25,20
Sarfaraz Ahmed (PAK),2010-2019,58,58,45,35,10
BB McCullum (NZ),2005-2015,71,71,44,36,8
LRPL Taylor (NZ),2006-2019,95,95,44,44,0
DA Warner (AUS),2009-2019,76,76,43,43,0
SK Raina (INDIA),2006-2018,78,78,42,42,0
Mohammad Nabi (AFG),2010-2019,75,75,41,41,0
RG Sharma (INDIA),2007-2019,104,104,38,38,0
LD Chandimal (SL),2010-2018,54,54,37,32,5
V Kohli (INDIA),2010-2019,75,75,37,37,0
EJG Morgan (ENG),2009-2019,86,86,37,37,0
GH Dockrell (IRE),2010-2019,73,70,36,36,0
DJ Bravo (WI),2006-2016,66,66,35,35,0
JP Duminy (SA),2007-2019,81,81,35,35,0
KJ O'Brien (IRE),2008-2019,90,86,34,34,0
KA Pollard (WI),2008-2019,68,68,34,34,0
MH Cross (SCOT),2013-2019,43,41,33,22,11
TM Dilshan (SL),2006-2016,80,80,33,31,2
AD Hales (ENG),2011-2019,60,59,32,32,0
BN Cooper (NL),2013-2019,51,50,31,31,0
Mahmudullah (BDESH),2007-2019,83,81,31,31,0
DJG Sammy (WI/World),2007-2017,68,68,31,31,0
JM Bairstow (ENG),2011-2019,34,34,30,30,0
GJ Maxwell (AUS),2012-2019,61,60,30,30,0
NLTC Perera (ICC/SL/World),2010-2019,79,79,30,30,0
L Ronchi (AUS/ICC/NZ),2008-2018,33,33,30,24,6
Shahid Afridi (ICC/PAK),2006-2018,99,99,30,30,0
TG Southee (NZ),2008-2019,66,65,29,29,0
PW Borren (NL),2008-2017,43,41,28,28,0
SA Edwards (NL),2018-2019,29,28,28,24,4
PM Seelaar (NL),2008-2019,69,67,28,28,0
W Barresi (NL),2012-2019,42,40,27,26,1
JC Buttler (ENG),2011-2018,66,65,27,23,4
CS MacLeod (SCOT),2009-2019,49,49,27,27,0
Najibullah Zadran (AFG),2012-2019,57,57,27,27,0
NJ O'Brien (IRE),2008-2016,30,28,27,17,10
KS Williamson (NZ),2011-2019,57,56,27,27,0
NL McCullum (NZ),2007-2016,63,63,26,26,0
H Masakadza (ZIM),2006-2019,66,66,25,25,0
Mohammad Hafeez (PAK),2006-2018,89,89,25,25,0
Sabbir Rahman (BDESH),2014-2019,44,43,25,25,0
AJ Finch (AUS),2011-2019,58,57,24,24,0
DJ Hussey (AUS),2008-2012,39,39,24,24,0
BJ Haddin (AUS),2006-2014,34,34,23,17,6
CJ Jordan (ENG),2014-2019,43,43,23,23,0
AD Mathews (SL),2009-2018,72,72,23,23,0
HH Pandya (INDIA),2016-2019,40,40,23,23,0
Soumya Sarkar (BDESH),2015-2019,46,45,23,23,0
SR Thompson (IRE),2014-2019,41,39,23,23,0
CL White (AUS),2007-2014,47,47,23,23,0
AT Carey (AUS),2018-2019,25,24,22,13,9
ADS Fletcher (WI),2008-2018,42,42,22,21,1
WTS Porterfield (IRE),2008-2018,61,59,22,22,0
PR Stirling (IRE),2009-2019,72,71,22,22,0
SCJ Broad (ENG),2006-2014,56,56,21,21,0
F du Plessis (SA/World),2012-2019,44,44,21,21,0
SPD Smith (AUS),2010-2019,36,36,21,21,0
Asghar Afghan (AFG),2010-2019,66,66,20,20,0
MEK Hussey (AUS),2005-2012,38,38,20,20,0
RA Jadeja (INDIA),2009-2019,46,46,20,20,0
C Kieswetter (ENG),2010-2012,25,25,20,17,3
SL Malinga (SL),2006-2019,79,79,20,20,0
CO Obuya (KENYA),2007-2019,35,35,20,20,0
L Siaka (PNG),2015-2019,26,26,20,20,0
LMP Simmons (WI),2007-2019,49,49,20,20,0
SR Watson (AUS),2006-2016,58,58,20,20,0
HM Amla (SA/World),2009-2018,44,44,19,19,0
CJ Anderson (NZ),2012-2018,31,31,19,19,0
MV Boucher (SA),2005-2010,25,25,19,18,1
CR Brathwaite (WI),2011-2019,41,41,19,19,0
E Chigumbura (ZIM),2006-2019,54,54,19,19,0
KJ Coetzer (SCOT),2008-2019,58,56,19,19,0
KD Karthik (ICC/INDIA),2006-2019,32,31,19,14,5
R Mutumbami (ZIM),2015-2019,22,22,19,15,4
RR Patel (KENYA),2008-2019,30,30,19,19,0
Shakib Al Hasan (BDESH),2006-2019,76,75,19,19,0
BRM Taylor (ZIM),2006-2019,38,38,19,17,2
RE van der Merwe (NL/SA),2009-2019,43,42,19,19,0
C de Grandhomme (NZ),2012-2019,33,33,18,18,0
S Dhawan (INDIA),2011-2019,58,58,18,18,0
Gulbadin Naib (AFG),2012-2019,45,45,18,18,0
MA Leask (SCOT),2013-2019,31,29,18,18,0
C Munro (NZ),2012-2019,60,59,18,18,0
JE Root (ENG),2012-2019,32,32,18,18,0
Samiullah Shinwari (AFG),2010-2019,62,62,18,18,0
GC Smith (SA),2005-2011,33,33,18,18,0
Tamim Iqbal (BDESH/ICC/World),2007-2018,75,73,18,18,0
Umar Gul (PAK),2007-2016,60,60,18,18,0
J Botha (SA),2006-2012,40,40,17,17,0
AC Gilchrist (AUS),2005-2008,13,13,17,17,0
DPMD Jayawardene (SL),2006-2014,55,55,17,17,0
CK Kapugedera (SL),2006-2017,43,43,17,17,0
KMDN Kulasekara (SL),2008-2017,58,58,17,17,0
JA Morkel (SA),2005-2015,50,50,17,17,0
MDKJ Perera (SL),2013-2019,42,42,17,13,4
Sikandar Raza (ZIM),2013-2019,32,32,17,17,0
BDH Stevens (JER),2019-2019,17,17,17,17,0
Sultan Ahmed (OMAN),2015-2017,17,16,17,14,3
Babar Hayat (HKG),2014-2017,24,24,16,16,0
SW Billings (ENG/ICC),2015-2019,26,26,16,15,1
K Doriga (PNG),2019-2019,17,17,16,15,1
Hamza Tariq (CAN),2013-2019,15,15,16,12,4
JW Jenner (JER),2019-2019,17,17,16,16,0
P Khadka (NEPAL),2014-2019,30,30,16,16,0
Nawroz Mangal (AFG),2010-2017,32,32,16,16,0
AM Rahane (INDIA),2011-2016,20,20,16,16,0
WB Rankin (ENG/IRE),2009-2019,48,47,16,16,0
Rashid Khan (AFG/ICC),2015-2019,45,45,16,16,0
Shafiqullah (AFG),2010-2019,46,46,16,14,2
Ahmed Shehzad (PAK),2009-2019,59,59,15,15,0
Babar Azam (PAK),2016-2019,36,36,15,15,0
B Bhandari (NEPAL),2014-2019,27,27,15,10,5
PD Collingwood (ENG/World),2005-2017,36,36,15,15,0
CH Gayle (WI),2006-2019,58,58,15,15,0
Ghulam Shabber (UAE),2016-2019,17,17,15,14,1
ZE Green (NAM),2019-2019,16,16,15,10,5
Nasir Hossain (BDESH),2011-2016,31,30,15,15,0
SW Poynter (IRE),2015-2019,25,23,15,13,2
MS Wade (AUS),2011-2016,26,26,15,13,2
CAK Walton (WI),2014-2018,19,19,15,13,2
SC Williams (ZIM),2006-2019,38,38,15,15,0
JJ Atkinson (HKG),2014-2016,13,13,14,14,0
A Balbirnie (IRE),2015-2019,37,35,14,14,0
F Behardien (SA),2012-2018,38,38,14,14,0
Fakhar Zaman (PAK),2017-2019,34,34,14,14,0
Imad Wasim (PAK),2015-2019,41,41,14,14,0
IA Karim (KENYA),2013-2019,16,16,14,11,3
G Malla (NEPAL),2014-2019,24,24,14,14,0
Misbah-ul-Haq (PAK),2007-2012,39,39,14,14,0
MP O'Dowd (NL),2015-2019,36,35,14,14,0
KP Pietersen (ENG),2005-2013,37,36,14,14,0
MJ Santner (NZ),2015-2019,39,38,14,14,0
A Vala (PNG),2015-2019,26,26,14,14,0
J Vira (VAN),2019-2019,14,14,14,10,4
LJ Wright (ENG),2007-2014,51,50,14,14,0
AC Agar (AUS),2016-2019,21,21,13,13,0
Ahmed Raza (UAE),2014-2019,36,36,13,13,0
Ahsan Malik (NL),2012-2017,31,30,13,13,0
TC Bruce (NZ),2017-2019,15,14,13,13,0
MJ Clarke (AUS),2005-2010,34,34,13,13,0
NM Coulter-Nile (AUS),2013-2019,28,27,13,13,0
JEC Franklin (NZ),2006-2013,38,38,13,13,0
Liton Das (BDESH),2015-2019,25,25,13,13,0
JF Mooney (IRE),2009-2015,27,27,13,13,0
MA Ouma (KENYA),2007-2013,22,22,13,8,5
TD Paine (AUS/World),2009-2017,12,12,13,11,2
SP Patil (UAE),2014-2016,18,18,13,9,4
KL Rahul (INDIA),2016-2019,34,34,13,13,0
Aamir Kaleem (OMAN),2015-2019,25,24,12,12,0
TA Boult (NZ),2013-2019,27,27,12,12,0
J Charles (WI),2011-2016,34,34,12,10,2
JH Davey (SCOT),2012-2019,21,20,12,12,0
CR Ervine (ZIM),2010-2019,22,22,12,12,0
HG Munsey (SCOT),2015-2019,38,36,12,12,0
Nadeem Ahmed (HKG),2014-2017,24,24,12,12,0
JDP Oram (NZ),2005-2012,36,36,12,12,0
Saeed Ajmal (PAK),2009-2015,64,64,12,12,0
MN Samuels (WI),2007-2018,67,67,12,12,0
TL Seifert (NZ),2018-2019,19,19,12,8,4
V Sibanda (ZIM),2007-2016,26,26,12,12,0
Tamoor Sajjad (QAT),2019-2019,12,12,12,12,0
HA Varaiya (KENYA),2007-2013,25,25,12,12,0
DJ Willey (ENG),2015-2019,28,28,12,12,0
Younis Khan (PAK),2006-2010,25,25,12,12,0
Yuvraj Singh (INDIA),2007-2017,58,57,12,12,0
A Bagai (CAN),2008-2013,9,9,11,5,6
S Chandramohan (SGP),2019-2019,12,12,11,11,0
TH David (SGP),2019-2019,12,12,11,11,0
N Davin (NAM),2019-2019,16,16,11,11,0
JSE Dunford (JER),2019-2019,17,17,11,6,5
MG Erasmus (NAM),2019-2019,16,16,11,11,0
JP Faulkner (AUS),2012-2017,24,24,11,11,0
G Gambhir (INDIA),2007-2012,37,36,11,11,0
Imran Nazir (PAK),2007-2012,25,25,11,11,0
Jatinder Singh (OMAN),2015-2019,25,25,11,11,0
Khawar Ali (OMAN),2015-2019,29,28,11,11,0
Mohammed Rizlan (QAT),2019-2019,15,15,11,8,3
PL Mommsen (SCOT),2012-2016,24,22,11,11,0
GD Phillips (NZ),2017-2018,11,10,11,9,2
Rizwan Cheema (CAN),2008-2019,24,24,11,11,0
Rohan Mustafa (UAE),2014-2019,38,38,11,11,0
AD Russell (WI),2011-2018,47,47,11,11,0
Shadab Khan (PAK),2017-2019,38,38,11,11,0
Shaiman Anwar (UAE),2014-2019,32,32,11,11,0
DW Steyn (SA),2007-2019,44,44,11,11,0
T Taibu (ZIM),2007-2012,17,17,11,6,5
PA van Meekeren (NL),2013-2019,41,39,11,11,0
D Weston (GER),2019-2019,6,6,11,9,2
Abdur Razzak (BDESH),2006-2014,34,33,10,10,0
GJ Bailey (AUS/World),2012-2017,30,30,10,10,0
SJ Benn (WI),2008-2016,24,24,10,10,0
TT Bresnan (ENG),2006-2014,34,34,10,10,0
RP Burl (ZIM),2018-2019,16,16,10,10,0
SS Cottrell (WI),2014-2019,22,22,10,10,0
N Dickwella (SL),2016-2019,23,23,10,10,0
R Escobar (Arg),2019-2019,5,5,10,7,3
FJ Klaassen (NL),2018-2019,21,20,10,10,0
Mashrafe Mortaza (BDESH),2006-2017,54,53,10,10,0
Nizakat Khan (HKG),2014-2019,34,34,10,10,0
JL Ontong (SA),2008-2015,14,14,10,10,0
RJ Peterson (SA),2006-2014,21,21,10,10,0
AU Rashid (ENG),2009-2019,40,40,10,10,0
SM Sharif (SCOT),2012-2019,42,41,10,10,0
JJ Smit (NAM),2019-2019,12,12,10,10,0
LJ Tucker (IRE),2016-2019,14,14,10,10,0
Usman Ghani (AFG),2015-2019,19,19,10,10,0
Asif Ali (PAK),2018-2019,25,25,9,9,0
Mudassar Bukhari (NL),2008-2016,38,36,9,9,0
CJ Chibhabha (ZIM),2006-2018,33,33,9,9,0
MD Gunathilaka (SL),2016-2019,21,21,9,9,0
DT Johnston (IRE),2008-2013,30,28,9,9,0
Karan KC (NEPAL),2015-2019,25,25,9,9,0
E Lewis (WI),2016-2019,29,29,9,9,0
PD McGlashan (NZ),2006-2010,11,11,9,9,0
Manpreet Singh (ITA),2019-2019,8,7,9,6,3
Mohamed Azzam (Mald),2019-2019,7,7,9,8,1
J Mubarak (SL),2007-2009,16,16,9,9,0
Mustafizur Rahman (BDESH),2015-2019,37,37,9,9,0
SO Ngoche (KENYA),2010-2019,28,28,9,9,0
RR Pant (INDIA),2017-2019,26,26,9,6,3
YK Pathan (INDIA),2007-2012,22,22,9,9,0
R Powell (WI),2017-2019,23,23,9,9,0
MJ Prior (ENG),2007-2010,10,10,9,6,3
DMW Rawlins (BMUDA),2019-2019,11,11,9,9,0
JA Richardson (AUS),2017-2019,9,9,9,9,0
RR Rossouw (SA),2014-2016,15,15,9,9,0
CJO Smith (SCOT),2007-2009,8,7,9,5,4
IS Sodhi (NZ),2014-2019,40,39,9,9,0
MC Sorensen (IRE),2012-2016,26,24,9,9,0
BA Stokes (ENG),2011-2018,23,22,9,9,0
Sultan Ahmed (UAE),2017-2019,17,17,9,9,0
Suraj Kumar (OMAN),2019-2019,13,13,9,7,2
JE Taylor (WI),2006-2018,30,30,9,9,0
T van der Gugten (NL),2012-2019,39,38,9,9,0
DL Vettori (NZ),2007-2014,34,34,9,9,0
CD Wallace (SCOT),2012-2019,19,18,9,7,2
MN Waller (ZIM),2011-2018,32,32,9,9,0
D Wiese (SA),2013-2016,20,20,9,9,0
Zaheer Ibrahim (QAT),2019-2019,13,13,9,9,0
Aizaz Khan (HKG),2014-2019,30,30,8,8,0
R Ashwin (INDIA),2010-2017,46,46,8,8,0
S Bau (PNG),2016-2019,23,23,8,8,0
DG Blampied (JER),2019-2019,17,17,8,8,0
AC Botha (IRE),2008-2010,14,13,8,8,0
JW Dernbach (ENG),2011-2014,34,33,8,8,0
JN Frylinck (NAM),2019-2019,14,14,8,8,0
HH Gibbs (SA),2005-2010,23,23,8,8,0
RR Hendricks (SA),2014-2019,22,22,8,8,0
H Klaasen (SA),2018-2019,9,9,8,8,0
MJ Lumb (ENG),2010-2014,27,26,8,8,0
BR McDermott (AUS),2018-2019,12,11,8,8,0
Manpreet Singh (SGP),2019-2019,12,12,8,4,4
KD Mills (NZ),2005-2014,42,42,8,8,0
DJ Mitchell (NZ),2019-2019,9,9,8,8,0
Mohammad Nadeem (OMAN),2015-2019,22,22,8,8,0
M Mosehle (SA),2017-2017,7,7,8,6,2
Nouman Sarwar (QAT),2019-2019,14,14,8,8,0
RT Ponting (AUS),2005-2009,17,17,8,8,0
Rameez Shahzad (UAE),2016-2019,22,22,8,8,0
Ravinderpal Singh (CAN),2019-2019,12,12,8,8,0
KW Richardson (AUS),2014-2019,15,15,8,8,0
DJM Short (AUS),2018-2019,20,19,8,8,0
DR Smith (WI),2006-2015,33,33,8,8,0
Sompal Kami (NEPAL),2014-2019,28,28,8,8,0
MA Starc (AUS),2012-2019,28,28,8,8,0
SB Styris (NZ),2005-2010,31,31,8,8,0
RML Taylor (SCOT),2013-2016,9,9,8,8,0
HT Tector (IRE),2019-2019,14,14,8,8,0
HDRL Thirimanne (SL),2012-2016,26,26,8,8,0
AJ Tye (AUS),2016-2018,26,25,8,8,0
N Vanua (PNG),2015-2019,25,25,8,8,0
MH Yardy (ENG),2006-2011,14,14,8,8,0
KJ Abbott (SA),2013-2016,21,21,7,7,0
RG Aga (KENYA),2008-2013,20,20,7,7,0
MM Ali (ENG),2014-2018,25,25,7,7,0
Aqib Ilyas (OMAN),2015-2019,22,22,7,7,0
S Badree (WI/World),2012-2018,52,52,7,7,0
HS Baidwan (CAN),2008-2013,17,17,7,7,0
RD Berrington (SCOT),2008-2019,61,59,7,7,0
Bilal Khan (OMAN),2015-2019,32,31,7,7,0
RS Bopara (ENG),2008-2014,38,37,7,7,0
DAJ Bracewell (NZ),2011-2019,18,17,7,7,0
YS Chahal (INDIA),2016-2019,36,36,7,7,0
S Chanderpaul (WI),2006-2010,22,22,7,7,0
MS Chapman (HKG/NZ),2014-2018,24,24,7,7,0
PJ Cummins (AUS),2011-2019,25,25,7,7,0
AR Cusack (IRE),2008-2015,37,33,7,7,0
Dawlat Zadran (AFG),2012-2019,34,34,7,7,0
BR Dunk (AUS),2014-2017,5,5,7,5,2
AC Evans (SCOT),2015-2019,27,25,7,7,0
Faheem Ashraf (PAK),2017-2019,27,27,7,7,0
Fawad Alam (PAK),2007-2010,24,24,7,7,0
Harbhajan Singh (INDIA),2006-2016,28,27,7,7,0
Hasan Ali (PAK),2016-2019,30,30,7,7,0
AW Hawkins-Kay (JER),2019-2019,16,16,7,7,0
JO Holder (WI),2014-2019,17,17,7,7,0
Imran Tahir (SA/World),2013-2019,38,38,7,7,0
Iqbal Hussain (QAT),2019-2019,15,15,7,7,0
JH Kallis (SA),2005-2012,25,25,7,7,0
Kuldeep Yadav (INDIA),2017-2019,19,19,7,7,0
MJ McClenaghan (ICC/NZ),2012-2018,29,29,7,7,0
MW Machan (SCOT),2013-2016,13,13,7,7,0
AD Mascarenhas (ENG),2007-2009,14,14,7,7,0
Mehidy Hasan Miraz (BDESH),2017-2018,13,13,7,7,0
BMAJ Mendis (SL),2011-2018,22,22,7,7,0
AK Mohan (Fin),2019-2019,5,5,7,5,2
PJ Moor (ZIM),2016-2019,21,21,7,7,0
Mosaddek Hossain (BDESH),2016-2019,14,14,7,7,0
K Motlhanka (Botsw),2019-2019,7,7,7,3,4
SP Narine (WI),2012-2019,51,51,7,7,0
H Osinde (CAN),2008-2013,11,11,7,7,0
MK Pandey (INDIA),2015-2019,32,32,7,7,0
KH Pandya (INDIA),2018-2019,18,18,7,7,0
LE Plunkett (ENG),2006-2019,22,22,7,7,0
N Pooran (WI),2016-2019,16,16,7,7,0
JD Ryder (NZ),2008-2014,22,22,7,7,0
RR Sarwan (WI),2007-2010,18,18,7,7,0
MD Shanaka (SL),2015-2019,35,35,7,7,0
Simi Singh (IRE),2018-2019,18,18,7,7,0
Sohail Tanvir (PAK),2007-2017,57,57,7,7,0
MP Stoinis (AUS),2015-2019,19,18,7,7,0
MR Swart (NL),2012-2016,26,26,7,7,0
R Tari (VAN),2019-2019,14,14,7,7,0
TP Ura (PNG),2015-2019,23,23,7,7,0
Waqas Barkat (HKG),2014-2019,22,22,7,7,0
MRJ Watt (SCOT),2015-2019,35,33,7,7,0
KOK Williams (WI),2016-2019,24,24,7,7,0
Yasir Ali (ESP),2019-2019,9,9,7,7,0
CA Young (IRE),2015-2019,26,25,7,7,0
Abdur Rehman (PAK),2007-2013,8,8,6,6,0
DS Airee (NEPAL),2018-2019,18,18,6,6,0
PS Airee (NEPAL),2015-2019,11,11,6,5,1
Anshuman Rath (HKG),2015-2017,20,20,6,6,0
Awais Ahmed (ESP),2019-2019,9,9,6,5,1
NW Bracken (AUS),2006-2009,19,19,6,6,0
JJ Bumrah (INDIA),2016-2019,42,42,6,6,0
PVD Chameera (SL),2015-2018,19,19,6,6,0
TLW Cooper (NL),2012-2016,18,17,6,6,0
FA Cossa (Moz),2019-2019,6,5,6,6,0
AG Cremer (ZIM),2008-2018,29,29,6,6,0
ST Finn (ENG),2011-2015,21,21,6,6,0
JS Foster (ENG),2009-2009,5,5,6,3,3
SO Hetmyer (WI),2018-2019,20,20,6,6,0
SD Hope (WI),2017-2019,13,13,6,6,0
GJ Hopkins (NZ),2007-2010,10,10,6,4,2
Imran Ismail (Moz),2019-2019,7,6,6,6,0
Janak Prakash (SGP),2019-2019,12,12,6,6,0
Kamran Khan (QAT),2019-2019,14,14,6,6,0
Karim Sadiq (AFG),2010-2018,36,36,6,6,0
B Kumar (INDIA),2012-2019,43,43,6,6,0
ND Laegsgaard (DEN),2019-2019,9,7,6,6,0
TWM Latham (NZ),2012-2017,13,13,6,6,0
B Lee (AUS),2005-2012,25,25,6,6,0
AR McBrine (IRE),2014-2017,19,18,6,6,0
PK Matautaava (VAN),2019-2019,10,10,6,6,0
BAW Mendis (SL),2008-2014,39,39,6,6,0
BKG Mendis (SL),2016-2019,24,24,6,6,0
Mohammad Nawaz (3) (PAK),2016-2018,16,16,6,6,0
CH Morris (SA),2012-2019,23,23,6,6,0
Muhammad Usman (UAE),2016-2019,34,34,6,6,0
Nasir Jamshed (PAK),2012-2013,18,18,6,6,0
AR Nurse (WI),2011-2019,13,13,6,6,0
Nurul Hasan (BDESH),2016-2017,9,9,6,2,4
NN Odhiambo (KENYA),2007-2013,24,24,6,6,0
HH Patel (MWI),2019-2019,7,7,6,6,0
CW Perchard (JER),2019-2019,15,15,6,6,0
BBJL Perera (ITA),2019-2019,8,7,6,6,0
AL Phehlukwayo (SA),2017-2019,23,23,6,6,0
Rehman Abdul (ITA),2019-2019,7,6,6,6,0
S Samarawickrama (SL),2017-2019,7,7,6,4,2
Shafraz Jaleel (Mald),2019-2019,4,4,6,4,2
HAM Shah (DEN),2019-2019,9,7,6,6,0
TAM Siriwardana (SL),2015-2017,22,22,6,6,0
P Utseya (ZIM),2006-2015,35,35,6,6,0
MN van Wyk (SA),2007-2015,8,8,6,5,1
JNT Vare (PNG),2015-2017,8,8,6,4,2
S Vesawkar (NEPAL),2014-2019,17,17,6,6,0
Virandeep Singh (MAL),2019-2019,12,12,6,6,0
DF Watts (SCOT),2007-2012,11,10,6,6,0
Zeeshan Maqsood (OMAN),2015-2019,29,28,6,6,0
Aarif Sheikh (NEPAL),2018-2019,11,11,5,5,0
Adnan Ilyas (OMAN),2015-2016,12,11,5,5,0
KK Ahuja (Mex),2019-2019,8,8,5,2,3
CJA Amini (PNG),2015-2019,23,23,5,5,0
Anwar Ali (PAK),2008-2016,16,16,5,5,0
Ariful Haque (BDESH),2018-2018,9,9,5,5,0
SJ Baard (NAM),2019-2019,13,13,5,5,0
O Bascome (BMUDA),2019-2019,11,11,5,4,1
PKD Chase (IRE),2018-2019,12,12,5,5,0
DT Christian (AUS),2010-2017,16,16,5,5,0
BCJ Cutting (AUS/World),2013-2017,7,7,5,5,0
MD Dai (PNG),2015-2017,9,9,5,5,0
A Dananjaya (SL),2012-2019,22,22,5,5,0
GJ Delany (IRE),2019-2019,17,17,5,5,0
NS Dhaliwal (CAN),2019-2019,12,12,5,5,0
AC Douglas (BMUDA),2019-2019,10,10,5,5,0
FH Edwards (WI),2007-2012,20,20,5,5,0
Fahad Ali (),2019-2019,3,3,5,4,1
Faisal Javed (QAT),2019-2019,15,15,5,5,0
LB Ferbrache (GUE),2019-2019,9,9,5,5,0
A Flintoff (ENG),2005-2007,7,7,5,5,0
DM Gondaria (KENYA),2013-2019,11,11,5,5,0
NA Greenwood (JER),2019-2019,8,8,5,5,0
DAS Gunaratne (SL),2016-2017,12,12,5,5,0
S Hallett (Peru),2019-2019,4,4,5,4,1
Hilal Ahmad (CZK-R),2019-2019,7,7,5,5,0
BJ Hodge (AUS),2007-2014,15,15,5,5,0
Ibrahim Hassan (Mald),2019-2019,11,11,5,5,0
Jagjit Singh (Peru),2019-2019,4,4,5,5,0
KM Jarvis (ZIM),2011-2019,22,22,5,5,0
MG Johnson (AUS),2007-2013,30,30,5,5,0
EC Joyce (ENG/IRE),2006-2014,18,17,5,5,0
Junaid Sheikh (NOR),2019-2019,5,5,5,5,0
D Kansonkho (MWI),2019-2019,7,7,5,5,0
Karim Janat (AFG),2016-2019,21,21,5,5,0
SP Khakurel (NEPAL),2014-2015,8,8,5,2,3
UT Khawaja (AUS),2016-2016,9,9,5,5,0
JP Kotze (NAM),2019-2019,12,12,5,5,0
HG Kuhn (SA),2009-2017,7,7,5,5,0
NR Kumar (CAN),2012-2019,18,18,5,5,0
AV Lalcheta (OMAN),2015-2019,17,16,5,5,0
JS Malhotra (USA),2019-2019,6,6,5,2,3
A Mansale (VAN),2019-2019,14,14,5,5,0
T Maruma (ZIM),2008-2019,13,13,5,5,0
S Matsikenyeri (ZIM),2006-2012,10,10,5,5,0
SS McKechnie (HKG),2019-2019,10,10,5,4,1
EJB Miles (JER),2019-2019,14,14,5,5,0
AF Milne (NZ),2010-2018,21,21,5,5,0
Mirwais Ashraf (AFG),2010-2016,25,25,5,5,0
Mohammad Rizwan (PAK),2015-2019,16,16,5,3,2
Mohammed Nadeem (QAT),2019-2019,15,15,5,5,0
M Morkel (SA/World),2007-2017,44,44,5,5,0
CB Mpofu (ZIM),2008-2019,30,30,5,5,0
Muhammad Tanveer (QAT),2019-2019,15,15,5,5,0
S Muniandy (MAL),2019-2019,15,14,5,5,0
C Munoz-Mills (ESP),2019-2019,9,9,5,5,0
SJ Myburgh (NL),2012-2019,33,32,5,5,0
JDS Neesham (NZ),2012-2019,18,18,5,5,0
R Nehonde (Botsw),2019-2019,7,7,5,5,0
OE Newey (GUE),2019-2019,7,7,5,4,1
RJ Nicol (NZ),2010-2013,21,21,5,5,0
NM Odhiambo (KENYA),2010-2019,16,16,5,5,0
TM Odoyo (KENYA),2007-2013,11,11,5,5,0
CN Onwuzulike (NGA),2019-2019,9,9,5,5,0
R Panchal (ESP),2019-2019,9,9,5,5,0
WD Parnell (SA),2009-2017,40,40,5,5,0
AR Patel (INDIA),2015-2018,11,11,5,5,0
MD Patel (USA),2019-2019,8,8,5,3,2
NK Patel (USA),2019-2019,4,4,5,5,0
Rahmanullah Gurbaz (AFG),2019-2019,7,7,5,4,1
J Rasu (VAN),2019-2019,13,13,5,5,0
D Ravu (PNG),2019-2019,17,17,5,5,0
JJ Roy (ENG),2014-2018,32,32,5,5,0
Sami Sohail (MWI),2019-2019,7,7,5,5,0
Sandeep Goud (OMAN),2019-2019,12,12,5,5,0
E Schiferli (NL),2008-2010,7,6,5,5,0
Shafiq Sharif (MAL),2019-2019,10,9,5,2,3
KD Shah (HKG),2014-2019,26,26,5,5,0
OA Shah (ENG),2007-2009,17,17,5,5,0
Shapoor Zadran (AFG),2010-2018,34,34,5,5,0
Sharjeel Khan (PAK),2013-2016,15,15,5,5,0
RJ Sidebottom (ENG),2007-2010,18,18,5,5,0
LPC Silva (SL),2006-2011,16,16,5,5,0
TB Sole (SCOT),2019-2019,9,9,5,5,0
GP Swann (ENG),2008-2012,39,39,5,5,0
SR Taylor (USA),2019-2019,8,8,5,5,0
SO Tikolo (KENYA),2007-2013,15,15,5,5,0
AJ Turner (AUS),2017-2019,11,11,5,5,0
C Viljoen (NAM),2019-2019,12,12,5,5,0
JM Vince (ENG),2015-2019,12,12,5,5,0
Wahab Riaz (PAK),2008-2019,31,31,5,5,0
B Ward (JER),2019-2019,13,13,5,5,0
Washington Sundar (INDIA),2017-2019,18,18,5,5,0
Abdul-Shakoor Rahimzei (GER),2019-2019,7,7,4,4,0
CN Ackermann (NL),2019-2019,11,11,4,4,0
Adnan Idrees (KUW),2019-2019,6,6,4,4,0
Aftab Ahmed (BDESH),2006-2010,11,11,4,4,0
FA Allen (WI),2018-2019,11,11,4,4,0
Amjad Javed (UAE),2014-2017,22,22,4,4,0
SE Aquilina (MALTA),2019-2019,4,4,4,0,4
Asad Mohammad (GER),2019-2019,9,9,4,4,0
MA Baig (MWI),2019-2019,7,7,4,4,0
B Banerjee (Mex),2019-2019,6,6,4,4,0
T Banton (ENG),2019-2019,3,3,4,4,0
JP Behrendorff (AUS),2017-2019,7,6,4,4,0
IR Bell (ENG),2006-2014,8,8,4,4,0
TS Bharaj (DEN),2019-2019,9,7,4,4,0
Meet Bhavsar (KUW),2019-2019,9,9,4,4,0
MP Biddappa (PHI),2019-2019,4,4,4,3,1
Bilal Tahir (KUW),2019-2019,4,4,4,4,0
Bilal Zalmai (Aut),2019-2019,5,5,4,3,1
PRP Boissevain (NL),2019-2019,4,4,4,4,0
SE Bond (NZ),2005-2010,20,20,4,4,0
DM Bravo (WI),2010-2019,20,20,4,4,0
NT Broom (NZ),2009-2017,11,11,4,4,0
DE Budge (SCOT),2018-2018,6,6,4,4,0
RW Chakabva (ZIM),2008-2019,12,12,4,4,0
TL Chatara (ZIM),2010-2019,21,21,4,4,0
JW Chilia (VAN),2019-2019,14,14,4,4,0
K Christie (HKG),2019-2019,11,11,4,4,0
SR Clark (AUS),2006-2007,9,9,4,4,0
DDP D'Silva (UAE),2019-2019,10,10,4,4,0
DAP Darrell (BMUDA),2019-2019,11,11,4,4,0
TN de Grooth (NL),2008-2013,15,14,4,4,0
DM de Silva (SL),2015-2019,13,13,4,4,0
PWH de Silva (SL),2019-2019,8,8,4,4,0
S Dhaniram (CAN),2008-2010,11,11,4,4,0
S Dube (INDIA),2019-2019,6,6,4,4,0
Ehsan Khan (HKG),2016-2019,15,15,4,4,0
Elias Sunny (BDESH),2012-2012,7,7,4,4,0
GD Elliott (NZ/World),2009-2017,17,17,4,4,0
Fahad Tariq (UAE),2016-2016,6,6,4,4,0
Farhad Reza (BDESH),2006-2014,13,13,4,4,0
O Fournier (CRC),2019-2019,2,2,4,4,0
PG Fulton (NZ),2006-2012,12,12,4,4,0
PF Gallagher (Fin),2019-2019,3,3,4,4,0
G Goudie (SCOT),2010-2013,9,9,4,4,0
TGJ Gruijters (NL),2012-2013,8,8,4,4,0
K Gupta (Chile),2019-2019,4,4,4,3,1
OD Hald (DEN),2019-2019,9,7,4,4,0
Hamza Tahir (SCOT),2018-2019,11,11,4,4,0
RM Haq (SCOT),2007-2013,21,20,4,4,0
TM Head (AUS),2016-2018,16,16,4,4,0
R Hekure (PNG),2019-2019,8,8,4,4,0
DR Hooper (GUE),2019-2019,9,9,4,4,0
Hussain Talat (PAK),2018-2019,14,14,4,4,0
DP Hyatt (WI),2011-2012,5,5,4,4,0
Imran Haider (ROM),2019-2019,2,2,4,2,2
Imrul Kayes (BDESH),2010-2017,14,14,4,4,0
SS Iyer (INDIA),2017-2019,14,14,4,4,0
ST Jayasuriya (SL),2006-2011,31,31,4,4,0
LM Jongwe (ZIM),2015-2016,8,8,4,4,0
SHT Kandamby (SL),2008-2011,5,5,4,4,0
G Kansonkho (MWI),2019-2019,6,6,4,4,0
AN Kervezee (NL),2009-2012,10,10,4,4,0
Khalid Latif (PAK),2008-2016,13,13,4,4,0
BA King (WI),2019-2019,6,6,4,4,0
EB Knowles (CZK-R),2019-2019,7,7,4,4,0
SC Kuggeleijn (NZ),2019-2019,9,9,4,4,0
Kuldeep Lal (ESP),2019-2019,8,8,4,4,0
RE Levi (SA),2012-2012,13,13,4,4,0
N Madziva (ZIM),2015-2019,15,15,4,4,0
MSS Mandy (Chile),2019-2019,4,4,4,4,0
MR Marsh (AUS),2011-2018,11,11,4,4,0
XM Marshall (USA/WI),2008-2019,13,13,4,4,0
WP Masakadza (ZIM),2015-2019,12,12,4,4,0
Md Nurul Huda (Fin),2019-2019,5,5,4,4,0
AS Mehmi (),2019-2019,3,3,4,4,0
Mohammad Amir (PAK),2009-2019,48,48,4,4,0
Mohammad Ashraful (BDESH),2007-2013,23,23,4,4,0
Mohammad Boota (UAE),2019-2019,16,16,4,3,1
Mohammad Naveed (UAE),2015-2019,31,31,4,4,0
Muhammad Awais (),2019-2019,3,3,4,3,1
GRD Munasinghe (ITA),2019-2019,8,7,4,4,0
A Nehra (INDIA),2009-2017,27,27,4,4,0
A Neill (SCOT),2019-2019,5,5,4,4,0
SN Netravalkar (USA),2019-2019,8,8,4,4,0
N Nipiko (VAN),2019-2019,14,14,4,4,0
Noor Ali Zadran (AFG),2010-2017,20,20,4,4,0
AA Obanda (KENYA),2007-2019,30,30,4,4,0
JS Patel (NZ),2005-2008,11,11,4,4,0
RK Paudel (NEPAL),2019-2019,11,11,4,4,0
N Pokana (PNG),2016-2019,19,19,4,4,0
S Prasanna (SL),2013-2017,20,20,4,4,0
AT Rayudu (INDIA),2014-2016,6,6,4,4,0
B Regmi (NEPAL),2014-2019,18,18,4,4,0
MJ Richardson (GER),2019-2019,3,3,4,1,3
MJG Rippon (NL),2013-2018,18,17,4,4,0
PADLR Sandakan (SL),2017-2019,14,14,4,4,0
Saqlain Haider (UAE),2016-2016,6,6,4,4,0
T Shamsi (SA),2017-2019,16,16,4,4,0
I Sharma (INDIA),2008-2013,14,14,4,4,0
B Shikongo (NAM),2019-2019,11,11,4,4,0
Sikander Zulfiqar (NL),2016-2019,11,11,4,4,0
Simandeep Singh (HKG),2019-2019,7,7,4,4,0
Sohaib Maqsood (PAK),2013-2016,20,20,4,4,0
ES Szwarczynski (NL),2008-2013,14,13,4,4,0
Tanwir Afzal (HKG),2014-2016,21,21,4,4,0
RN ten Doeschate (NL),2008-2019,22,21,4,4,0
C Tommy (VAN),2019-2019,12,12,4,4,0
I Udana (SL),2009-2019,27,27,4,4,0
Umar Amin (PAK),2013-2018,14,14,4,4,0
DLS van Bunge (NL),2008-2013,14,13,4,4,0
RR Watson (SCOT),2007-2010,10,9,4,4,0
K Weeraratne (SL),2008-2009,5,5,4,4,0
Yasir Shah (PAK),2011-2011,2,2,4,4,0
Ziaur Rahman (BDESH),2012-2014,14,14,4,4,0
MR Adair (IRE),2019-2019,17,17,3,3,0
S Adedeji (NGA),2019-2019,6,6,3,3,0
Afif Hossain (BDESH),2018-2019,8,8,3,3,0
Aftab Alam (AFG),2012-2018,12,12,3,3,0
KK Ahmed (INDIA),2018-2019,14,14,3,3,0
Ainool Haqqiem (MAL),2019-2019,4,4,3,1,2
TP Allen (USA),2019-2019,5,5,3,3,0
Al-Amin Hossain (BDESH),2013-2019,28,26,3,3,0
Amir Mangal (GER),2019-2019,9,9,3,3,0
JM Anderson (ENG),2007-2009,19,19,3,3,0
Anowarul Islam (THAI),2019-2019,4,4,3,3,0
P Arrighi (Arg),2019-2019,5,5,3,3,0
Asad Shafiq (PAK),2010-2012,10,10,3,3,0
NJ Astle (NZ),2005-2006,4,4,3,3,0
TD Astle (NZ),2016-2019,3,3,3,3,0
AJ Ayannaike (NGA),2019-2019,3,3,3,2,1
F Baaleri (Ghana),2019-2019,4,4,3,3,0
Babar Ali (BAH),2019-2019,3,3,3,3,0
V Balakrishnan (Botsw),2019-2019,3,3,3,3,0
OGL Bascome (BMUDA),2019-2019,11,11,3,3,0
V Baskaran (SGP),2019-2019,12,12,3,3,0
C Bisson (JER),2019-2019,14,14,3,3,0
A Bohara (NEPAL),2019-2019,17,17,3,3,0
DG Brownlie (NZ),2010-2014,5,5,3,3,0
IG Butler (NZ),2009-2013,19,19,3,3,0
J Butler (GUE),2019-2019,9,9,3,3,0
C Carter (HKG),2015-2017,10,10,3,2,1
C Chete (MWI),2019-2019,2,2,3,3,0
LA Collado (GIBR),2019-2019,4,4,3,2,1
PC Connell (IRE),2008-2010,9,8,3,3,0
TK Curran (ENG),2017-2019,15,15,3,3,0
CJ Dala (SA),2018-2019,9,9,3,3,0
SM Davies (ENG),2009-2011,5,5,3,2,1
CD de Lange (SCOT),2015-2017,8,7,3,3,0
Delawar Khan (DEN),2019-2019,9,7,3,3,0
BFW de Leede (NL),2018-2019,8,8,3,3,0
JL Denly (ENG),2009-2019,10,10,3,3,0
N Dutta (CAN),2019-2019,11,11,3,3,0
LH Ferguson (NZ),2017-2019,8,8,3,3,0
CRD Fernando (SL),2006-2016,18,18,3,3,0
Fiaz Ahmed (BAH),2019-2019,4,4,3,3,0
Fitri Sham (MAL),2019-2019,15,14,3,3,0
SC Getkate (IRE),2019-2019,14,14,3,3,0
D Gim (NGA),2019-2019,6,6,3,3,0
BD Glover (NL),2019-2019,19,19,3,3,0
LF Goncalves (),2019-2019,3,3,3,1,2
Z Groenewald (NAM),2019-2019,10,10,3,3,0
GM Hamilton (SCOT),2007-2010,12,11,3,3,0
Haris Sohail (PAK),2013-2019,14,14,3,3,0
BE Hendricks (SA),2014-2019,11,11,3,3,0
MC Henriques (AUS),2009-2017,11,11,3,3,0
JR Hopes (AUS),2005-2010,12,12,3,3,0
Ibrarul Haq (Saudi),2019-2019,5,5,3,3,0
Imran Farhat (PAK),2010-2011,7,7,3,3,0
Imran Khan (1) (PAK),2015-2015,3,3,3,3,0
Inam-ul-Haq (QAT),2019-2019,11,11,3,3,0
MM Iqbal (SCOT),2012-2013,6,6,3,3,0
Izatullah Dawlatzai (AFG/GER),2012-2019,14,14,3,3,0
Jahurul Islam (BDESH),2010-2013,3,3,3,3,0
GSNFG Jayasuriya (SL),2015-2019,16,16,3,3,0
S Jora (NEPAL),2019-2019,6,6,3,3,0
I Katzarski (),2019-2019,3,3,3,3,0
S Kaveri (Mex),2019-2019,7,7,3,3,0
JM Kemp (SA),2005-2007,8,8,3,3,0
Khurram Nawaz (OMAN),2017-2019,18,18,3,3,0
J Kila (PNG),2019-2019,12,12,3,3,0
AK Kitchen (NZ),2017-2018,5,4,3,3,0
RAS Lakmal (SL),2011-2019,11,11,3,3,0
S Lamichhane (ICC/NEPAL),2018-2019,18,18,3,3,0
KS Leverock (BMUDA),2019-2019,12,12,3,3,0
CA Lynn (AUS),2014-2018,18,17,3,3,0
WK McCallan (IRE),2008-2009,9,8,3,3,0
R McLaren (SA),2009-2014,12,12,3,3,0
CD McMillan (NZ),2005-2007,8,8,3,3,0
WJ Malinda (Mald),2019-2019,3,3,3,3,0
SE Marsh (AUS),2008-2016,15,15,3,3,0
RD McCann (IRE),2012-2012,3,3,3,1,2
Md Shafiqul Haque (THAI),2019-2019,4,4,3,1,2
GP Meade (ITA),2019-2019,8,7,3,3,0
Mehran Khan (OMAN),2015-2019,19,18,3,3,0
T Mishra (KENYA),2007-2013,15,15,3,3,0
Mohamed Rishwan (Mald),2019-2019,11,11,3,3,0
Mohammad Asif (PAK),2006-2010,11,11,3,3,0
Mohammad Mithun (BDESH),2014-2019,14,12,3,3,0
Mohammad Saifuddin (BDESH),2017-2019,13,13,3,3,0
Mohammad Sami (PAK),2010-2016,13,13,3,3,0
JM Muirhead (AUS),2014-2014,5,5,3,3,0
Mujeeb Ur Rahman (AFG),2018-2019,16,16,3,3,0
AA Mulla (CAN),2008-2008,4,4,3,1,2
T Munyonga (ZIM),2019-2019,5,5,3,3,0
TJ Murtagh (IRE),2012-2016,14,14,3,3,0
Najeeb Tarakai (AFG),2014-2019,12,12,3,3,0
M Nasim Baras (AFG),2015-2015,3,3,3,3,0
A Ndlovu (ZIM),2019-2019,3,3,3,3,0
PM Nevill (AUS),2016-2016,9,9,3,2,1
DO Obuya (KENYA),2007-2012,10,10,3,2,1
H Patel (CAN),2010-2013,11,11,3,3,0
SR Patel (ENG),2011-2013,18,18,3,3,0
JL Pattinson (AUS),2011-2012,4,4,3,3,0
Pavandeep Singh (MAL),2019-2019,10,10,3,3,0
RW Price (ZIM),2008-2012,16,16,3,3,0
S Qeshile (SA),2019-2019,2,2,3,3,0
K Rabada (SA),2014-2019,21,21,3,3,0
LN Rajbanshi (NEPAL),2018-2019,12,12,3,3,0
Aminuddin Ramly (MAL),2019-2019,10,9,3,3,0
S Ravikumar (CRC),2019-2019,3,3,3,3,0
AJ Redmond (NZ),2009-2010,7,7,3,3,0
KA Reynolds (Blz),2019-2019,3,3,3,3,0
MJ Ross (ITA),2019-2019,8,7,3,3,0
Saad Bin Zafar (CAN),2019-2019,11,11,3,3,0
Sajid Cheema (Saudi),2019-2019,5,5,3,3,0
Salman Butt (PAK),2007-2010,24,24,3,3,0
P Sarraf (NEPAL),2019-2019,9,9,3,3,0
BM Scholtz (NAM),2019-2019,14,14,3,3,0
SMSM Senanayake (SL),2012-2016,24,24,3,3,0
Shahzaib Hasan (PAK),2009-2010,10,10,3,3,0
D Sheeli (KUW),2019-2019,3,3,3,3,0
NK Shetty (Mex),2019-2019,2,2,3,3,0
Shiraz Khan (KUW),2019-2019,6,6,3,3,0
P Silas (Botsw),2019-2019,4,4,3,3,0
VS Solanki (ENG),2005-2007,3,3,3,3,0
MWR Stokes (GUE),2019-2019,9,9,3,3,0
AO Suji (KENYA),2007-2010,8,8,3,3,0
CR Suryawanshi (SGP),2019-2019,3,3,3,3,0
A Symonds (AUS),2005-2009,14,14,3,3,0
SW Tait (AUS),2007-2016,21,21,3,3,0
SN Thakur (INDIA),2018-2018,7,7,3,3,0
OFJ Tonuu (Samoa),2019-2019,4,4,3,3,0
JD Unadkat (INDIA),2016-2018,10,10,3,3,0
LV van Beek (NL),2014-2016,8,8,3,3,0
HE van der Dussen (SA),2018-2019,9,9,3,3,0
M Vijay (INDIA),2010-2015,9,9,3,3,0
TP Visee (NL),2015-2019,27,26,3,3,0
AC Voges (AUS),2007-2013,7,7,3,3,0
C Waiswa (UGA),2019-2019,4,4,3,3,0
HR Walsh (USA/WI),2019-2019,13,13,3,3,0
BJ Watling (NZ),2009-2014,5,5,3,3,0
UT Yadav (INDIA),2012-2019,7,7,3,3,0
KJ Young (Blz),2019-2019,3,3,3,3,0
SA Abbott (AUS),2014-2019,4,4,2,2,0
Abdullah Akbarjan (Aut),2019-2019,5,5,2,2,0
Abdul Razzaq (PAK),2006-2013,32,32,2,2,0
Abdul Shakoor (ROM),2019-2019,2,2,2,1,1
AS Abioye (NGA),2019-2019,5,5,2,2,0
IKO Aboagye (Ghana),2019-2019,4,4,2,2,0
Abu Hider (BDESH),2016-2018,13,12,2,2,0
Abdul Hashmi (DEN),2019-2019,8,6,2,1,1
Ahmed Faiz (MAL),2019-2019,10,9,2,2,0
CM Akachukwu (NGA),2019-2019,8,8,2,2,0
DI Allan (KENYA),2012-2013,10,10,2,2,0
Alok Kapali (BDESH),2007-2011,7,7,2,2,0
TR Ambrose (ENG),2008-2008,1,1,2,1,1
Amjad Khan (UAE),2015-2016,4,4,2,2,0
Amjad Mahboob (SGP),2019-2019,11,11,2,2,0
Amjad Sher (Fin),2019-2019,5,5,2,2,0
Anamul Haque (BDESH),2012-2015,13,12,2,2,0
Anique Uddin (DEN),2019-2019,6,5,2,2,0
R Ankad (Mex),2019-2019,8,8,2,2,0
Anwar Arudin (MAL),2019-2019,12,11,2,2,0
Anwar Rahman (MAL),2019-2019,9,8,2,2,0
Areeb Quadir (Fin),2019-2019,2,2,2,2,0
Ashfaq Ahmed (UAE),2018-2019,12,12,2,2,0
MNM Aslam (KUW),2019-2019,6,6,2,2,0
Asrar Ahmed (),2019-2019,3,3,2,2,0
AA Banner (Blz),2019-2019,3,3,2,2,0
GG Banner (Blz),2019-2019,3,3,2,2,0
LJ Barker (GUE),2019-2019,9,9,2,2,0
GEF Barnett (CAN),2008-2010,5,5,2,2,0
CD Barnwell (WI),2011-2013,6,6,2,2,0
A Bhagwat (HKG),2019-2019,4,4,2,2,0
M Bhanuka (SL),2019-2019,2,2,2,2,0
RA Bhatti (CAN),2012-2012,4,4,2,1,1
DE Bollinger (AUS),2011-2014,9,9,2,2,0
JP Bray (IRE),2009-2009,2,2,2,2,0
GB Brent (ZIM),2006-2007,3,3,2,2,0
PR Brown (ENG),2019-2019,4,4,2,2,0
AF Buurman (NL),2010-2010,4,4,2,1,1
VD Chandra (PNM),2019-2019,3,3,2,2,0
BB Chari (ZIM),2019-2019,3,3,2,2,0
PP Chawla (INDIA),2010-2012,7,7,2,2,0
CK Coventry (ZIM),2010-2015,13,13,2,2,0
KM Dabengwa (ZIM),2006-2010,8,8,2,2,0
F Damiao Couana (Moz),2019-2019,7,6,2,2,0
P Danci (ROM),2019-2019,2,2,2,2,0
RR David (CAN),2008-2008,4,4,2,2,0
JM Davison (CAN),2008-2010,5,5,2,2,0
LA Dawson (ENG),2016-2018,6,6,2,2,0
TB de Bruyn (SA),2017-2017,2,2,2,2,0
N Deonarine (WI),2010-2013,8,8,2,2,0
AP Devcich (NZ),2013-2014,4,4,2,2,0
R Dhawan (INDIA),2016-2016,1,1,2,2,0
GD Drummond (SCOT),2008-2013,17,17,2,2,0
L Emilio (Moz),2019-2019,5,4,2,2,0
GDR Eranga (CAN),2019-2019,9,9,2,2,0
Faran Afzal (ESP),2019-2019,9,9,2,2,0
Fayyaz Butt (OMAN),2019-2019,14,14,2,2,0
A Ferguson (Arg),2019-2019,5,5,2,2,0
N Pradeep (SL),2016-2019,14,14,2,2,0
WIA Fernando (SL),2019-2019,10,10,2,2,0
NJ Ferraby (JER),2019-2019,14,14,2,2,0
SP Fleming (NZ),2005-2006,5,5,2,2,0
DR Flynn (NZ),2008-2012,5,5,2,2,0
JD Freyone (GIBR),2019-2019,4,4,2,2,0
GC Galanis (),2019-2019,2,2,2,2,0
V Ganesan (GER),2019-2019,4,4,2,2,0
CJ Gannon (USA),2019-2019,4,4,2,2,0
Habib Ahmadzai (Aut),2019-2019,5,5,2,2,0
Hamid Hassan (AFG),2010-2016,22,22,2,2,0
Hammad Azam (PAK),2012-2013,5,5,2,2,0
Jandu Hamoud (KUW),2019-2019,6,6,2,2,0
AS Hansra (CAN),2012-2013,8,8,2,2,0
Haseeb Amjad (HKG),2014-2016,18,18,2,2,0
JW Hastings (AUS),2010-2016,9,9,2,2,0
C Hauptfleisch (Caym),2019-2019,5,5,2,1,1
Hazratullah Zazai (AFG),2016-2019,13,13,2,2,0
L Hermida (Mex),2019-2019,5,5,2,2,0
D Heyliger (CAN),2019-2019,11,11,2,2,0
RM Hira (NZ),2012-2013,15,15,2,2,0
Hirenkumar Patel (Chile),2019-2019,4,4,2,2,0
S Hirugade (Mex),2019-2019,6,6,2,2,0
Imran Anwar (BAH),2019-2019,4,4,2,2,0
Imran Ali (KUW),2019-2019,4,4,2,2,0
CA Ingram (SA),2010-2012,9,9,2,2,0
Irfan Ahmed (HKG),2014-2015,8,8,2,2,0
Ismat Ullah (),2019-2019,4,4,2,2,0
H Ivanov (),2019-2019,3,3,2,2,0
Joginder Sharma (INDIA),2007-2007,4,4,2,2,0
GO Jones (ENG),2005-2006,2,2,2,2,0
MBS Jonkman (NL),2010-2010,3,3,2,2,0
Junaid Siddiqui (CAN),2012-2019,13,13,2,2,0
Junaid Siddique (UAE),2019-2019,8,8,2,2,0
Karweng NG (PHI),2019-2019,4,4,2,2,0
MS Kasprowicz (AUS),2005-2005,2,2,2,2,0
SM Katich (AUS),2005-2006,3,3,2,2,0
Z Khan (INDIA),2006-2012,17,17,2,2,0
Khurram Khan (UAE),2014-2014,3,3,2,2,0
M Klinger (AUS),2017-2017,3,3,2,2,0
HGJM Kulatunga (SL),2008-2008,2,2,2,2,0
JS Kundi (KENYA),2019-2019,6,6,2,2,0
A Lark (Aut),2019-2019,5,5,2,2,0
LC Le Tissier (GUE),2019-2019,9,9,2,2,0
JB Little (IRE),2016-2019,11,11,2,2,0
MF Maharoof (SL),2006-2016,8,8,2,2,0
NA Maiolo (ITA),2019-2019,8,7,2,2,0
DJ Malan (ENG),2017-2019,9,9,2,2,0
JN Malan (SA),2019-2019,2,2,2,2,0
A Manousis (),2019-2019,3,3,2,2,0
Mansoor Amjad (PAK),2008-2008,1,1,2,2,0
A Martin (WI),2011-2011,1,1,2,2,0
SW Masakadza (ZIM),2010-2013,7,7,2,2,0
WT Mashinge (ZIM),2019-2019,2,2,2,2,0
NO Miller (WI),2009-2014,9,9,2,2,0
SF Mire (ZIM),2018-2019,9,9,2,2,0
Mohammad Ghazanfar (HKG),2019-2019,5,5,2,2,0
Mohammad Naim (BDESH),2019-2019,3,3,2,2,0
Mohammad Salman (PAK),2011-2011,1,1,2,1,1
Mohammed Asghar (KUW),2019-2019,4,4,2,2,0
Mohammed Nurji (MWI),2019-2019,6,6,2,2,0
RS Morton (WI),2006-2010,7,7,2,2,0
Muhammad Kashif (KUW),2019-2019,10,10,2,2,0
Muhammad Nadeem (Saudi),2019-2019,5,5,2,2,0
RG Mukasa (UGA),2019-2019,4,4,2,2,0
Mukhtar Ahmed (PAK),2015-2015,6,6,2,2,0
J Mulder (IRE),2016-2017,8,8,2,2,0
G Murali (CRC),2019-2019,3,3,2,2,0
Murid Ekrami (Belg),2019-2019,3,3,2,2,0
TK Musakanda (ZIM),2018-2018,6,6,2,2,0
LA Musiani (Arg),2019-2019,5,5,2,2,0
CT Mutombodzi (ZIM),2013-2019,13,13,2,2,0
B Muzarabani (ZIM),2018-2018,6,6,2,2,0
Naeem Islam (BDESH),2008-2013,10,10,2,2,0
Nanda Kumar (CRC),2019-2019,3,3,2,2,0
N Nankov (),2019-2019,3,3,2,2,0
Naved-ul-Hasan (PAK),2006-2010,4,4,2,2,0
Nawazish Jezuli (Saudi),2019-2019,1,1,2,2,0
Najmul Hossain Shanto (BDESH),2019-2019,2,2,2,2,0
Nazmul Islam (BDESH),2018-2018,13,13,2,2,0
Nazwan Ismail (Mald),2019-2019,3,3,2,2,0
P Negi (INDIA),2016-2016,1,1,2,2,0
K Nestor (GIBR),2019-2019,4,4,2,2,0
G Nikitas (),2019-2019,2,2,2,0,2
Noor Momand (Belg),2019-2019,2,2,2,2,0
F Nsubuga (UGA),2019-2019,3,3,2,2,0
M Ntini (SA),2005-2011,10,10,2,2,0
GH O'Brien (BMUDA),2008-2019,11,11,2,2,0
SA Okpe (NGA),2019-2019,8,8,2,2,0
LN Oluoch (KENYA),2013-2019,10,10,2,2,0
AA Onikoyi (NGA),2019-2019,9,9,2,2,0
E Otieno (KENYA),2012-2019,18,18,2,2,0
KO Otieno (KENYA),2008-2008,4,4,2,2,0
HC Overdijk (NL),2018-2019,4,3,2,2,0
AM Oyede (NGA),2019-2019,8,8,2,2,0
T Panyangara (ZIM),2013-2016,14,14,2,2,0
AE Paraam (SGP),2019-2019,3,3,2,2,0
SD Parry (ENG),2014-2015,5,5,2,2,0
IK Pathan (INDIA),2006-2012,24,23,2,2,0
KMA Paul (WI),2018-2019,18,18,2,2,0
T Perera (Botsw),2019-2019,6,6,2,2,0
JE Pitcher (BMUDA),2019-2019,3,3,2,2,0
OL Pitcher (BMUDA),2008-2008,3,3,2,2,0
SM Pollock (SA),2005-2008,12,12,2,2,0
NS Poonia (SCOT),2007-2010,8,7,2,2,0
A Poulose (OMAN),2017-2017,3,3,2,2,0
DBL Powell (WI),2007-2007,5,5,2,2,0
AD Poynter (IRE),2012-2016,19,17,2,2,0
A Pusthay (Fin),2019-2019,5,5,2,2,0
Qadeer Ahmed (UAE),2015-2019,10,10,2,2,0
Raees Ahmadzai (AFG),2010-2010,8,8,2,2,0
Raag Kapur (HKG),2019-2019,4,4,2,2,0
S Rakshit (CZK-R),2019-2019,7,7,2,2,0
R Rampaul (WI),2007-2015,23,23,2,2,0
Raza-ur-Rehman (CAN),2012-2013,5,5,2,2,0
Raza Hasan (PAK),2012-2014,10,10,2,2,0
DJ Reekers (NL),2008-2009,6,5,2,2,0
GA Reynold (Blz),2019-2019,3,3,2,2,0
LH Rodrigues (),2019-2019,4,4,2,2,0
R Rohan (SGP),2019-2019,10,10,2,2,0
S Rossi (Arg),2019-2019,5,5,2,2,0
Saber Zakhil (Belg),2019-2019,3,3,2,2,0
S Saeed (Mald),2019-2019,5,5,2,2,0
Sagar Pun (NEPAL),2014-2015,9,9,2,2,0
Sahibzada Farhan (PAK),2018-2018,3,3,2,2,0
J Salazar (Peru),2019-2019,2,2,2,2,0
Saqib Zulfiqar (NL),2018-2019,6,6,2,2,0
A Sathya (Mex),2019-2019,3,3,2,2,0
V Sehwag (INDIA),2006-2012,19,18,2,2,0
Shaikh Ashraf (Peru),2019-2019,4,4,2,2,0
Shakeel Ansar (PAK),2012-2012,2,2,2,1,1
PH Shamdasani (Peru),2019-2019,4,4,2,2,0
Shamsur Rahman (BDESH),2013-2014,9,8,2,2,0
V Shankar (INDIA),2018-2019,9,9,2,2,0
Shoaib Akhtar (PAK),2006-2010,15,15,2,2,0
Shoaib Ali (Saudi),2019-2019,5,5,2,2,0
Shoaib Qureshi (Fin),2019-2019,5,5,2,2,0
Sidhant Singh (SGP),2019-2019,8,8,2,2,0
RP Singh (INDIA),2007-2009,10,9,2,2,0
L Sipamla (SA),2019-2019,5,5,2,2,0
S Smith (BMUDA),2019-2019,5,5,2,2,0
S Snater (NL),2018-2019,13,12,2,2,0
Sohag Gazi (BDESH),2012-2015,10,10,2,2,0
CA Soper (PNG),2015-2019,13,13,2,2,0
S Sreesanth (INDIA),2006-2008,10,9,2,2,0
H Srinivasan (GER),2019-2019,1,1,2,1,1
JH Stander (SCOT),2009-2012,11,11,2,2,0
F Stoman (PORT),2019-2019,4,4,2,1,1
DC Stovell (BMUDA),2019-2019,6,6,2,2,0
GM Strydom (Caym),2019-2019,6,6,2,2,0
JTS Sumerauer (JER),2019-2019,8,8,2,2,0
K Suttisan (THAI),2019-2019,2,2,2,2,0
Syed Aziz (MAL),2019-2019,14,13,2,2,0
Tahir Dar (BAH),2019-2019,4,4,2,2,0
Tauqeer Hussain (ESP),2019-2019,4,4,2,2,0
WU Tharanga (SL),2006-2018,26,26,2,2,0
J Theron (SA),2010-2012,9,9,2,2,0
RA Thomas (CAN),2019-2019,8,8,2,2,0
GJ Thompson (IRE),2016-2019,10,10,2,2,0
T Thushara (SL),2008-2010,6,6,2,2,0
DT Tiripano (ZIM),2016-2019,10,10,2,2,0
MK Tiwary (INDIA),2011-2012,3,3,2,2,0
JC Tredwell (ENG),2012-2014,17,16,2,2,0
ME Trescothick (ENG),2005-2006,3,3,2,2,0
T Tshose (Botsw),2019-2019,2,2,2,2,0
E Ul Haq (NOR),2019-2019,5,5,2,2,0
Umar Adam (Mald),2019-2019,11,11,2,2,0
RV Uthappa (INDIA),2007-2015,13,12,2,2,0
R van der Merwe (Arg),2019-2019,5,5,2,2,0
S Vashisht (ROM),2019-2019,3,3,2,2,0
Vichanath Singh (THAI),2019-2019,4,4,2,2,0
Vinod Kumar (ESP),2019-2019,3,3,2,2,0
BV Vitori (ZIM),2012-2016,11,11,2,2,0
Waheed Ahmed (UAE),2019-2019,10,10,2,2,0
SR Welsh (CAN),2008-2008,1,1,2,2,0
AR White (IRE),2008-2012,18,17,2,2,0
CG Williams (NAM),2019-2019,13,13,2,2,0
OR Willis (Caym),2019-2019,3,3,2,1,1
C Wright (Caym),2019-2019,6,6,2,2,0
Yasar Haroon (),2019-2019,4,4,2,2,0
Yusuf Ebrahim (PNM),2019-2019,3,3,2,2,0
Zahoor Khan (UAE),2017-2019,18,18,2,2,0
C Zhuwao (ZIM),2008-2018,7,7,2,2,0
Zishan Shah (DEN),2019-2019,6,4,2,2,0
B Zuiderent (NL),2009-2010,6,6,2,2,0
M Abdulla (MWI),2019-2019,5,5,1,1,0
Abdul Shakoor (UAE),2015-2019,6,6,1,0,1
Abdul Wahid (Saudi),2019-2019,5,5,1,1,0
Abraash Khan (CAN),2019-2019,7,7,1,1,0
Abrar Bilal (Aut),2019-2019,3,3,1,0,1
Abu Jayed (BDESH),2018-2018,3,3,1,1,0
AR Adams (NZ),2005-2006,4,4,1,1,0
VD Adewoye (NGA),2019-2019,7,7,1,1,0
Afsar Zazai (AFG),2013-2013,1,1,1,0,1
GJ Agius (MALTA),2019-2019,2,2,1,1,0
P Agnihotri (NOR),2019-2019,2,2,1,1,0
SA Ahmad (DEN),2019-2019,5,3,1,1,0
Ahmed Hassan (Mald),2019-2019,11,11,1,1,0
GW Aldridge (NZ),2011-2011,1,1,1,1,0
Amir Ali (OMAN),2015-2016,10,9,1,1,0
Amjad Ali (UAE),2014-2015,5,5,1,1,0
Anam Mollik (ITA),2019-2019,2,2,1,1,0
Anasim Khan (BAH),2019-2019,4,4,1,1,0
Aqib Iqbal (Aut),2019-2019,5,5,1,1,0
S Arachchige (ITA),2019-2019,4,4,1,1,0
Arafat Sunny (BDESH),2014-2016,10,10,1,1,0
Aritra Dutta (SGP),2019-2019,8,8,1,1,0
P Arora (Mex),2019-2019,2,2,1,1,0
U Aryaman Sunil (SGP),2019-2019,2,2,1,1,0
Ashiqullah Said (Belg),2019-2019,3,3,1,1,0
A Ashokan (CZK-R),2019-2019,2,2,1,1,0
Aslam Mohammad (),2019-2019,3,3,1,1,0
SK Atai (PNG),2019-2019,2,2,1,1,0
V Ateak (Ghana),2019-2019,4,4,1,1,0
Atif Kamal (LUX),2019-2019,4,4,1,1,0
MS Aulakh (CAN),2012-2013,3,3,1,1,0
Avi Dixit (SGP),2019-2019,1,1,1,1,0
Awais Malik (QAT),2019-2019,11,11,1,1,0
MO Bacarese (GIBR),2019-2019,3,3,1,1,0
KS Bagabena (Ghana),2019-2019,4,4,1,1,0
JD Baker (Samoa),2019-2019,4,4,1,1,0
G Bakiweyem (Ghana),2019-2019,3,3,1,1,0
WD Balaji Rao (CAN),2008-2008,4,4,1,1,0
Baljit Singh (ITA),2019-2019,8,7,1,1,0
JT Ball (ENG),2018-2018,2,2,1,1,0
CT Bancroft (AUS),2016-2016,1,1,1,1,0
HMCM Bandara (SL),2006-2009,4,4,1,1,0
S Bantzas (),2019-2019,1,1,1,1,0
AB Barath (WI),2010-2011,2,2,1,1,0
J Barker (LUX),2019-2019,4,4,1,1,0
P Baron (Arg),2019-2019,5,5,1,1,0
OO Bascome (BMUDA),2008-2019,3,3,1,1,0
T Bavuma (SA),2019-2019,2,2,1,1,0
RL Bhudia (KENYA),2007-2007,3,3,1,1,0
SR Bhudia (KENYA),2019-2019,4,4,1,1,0
Bilawal Bhatti (PAK),2013-2015,9,9,1,1,0
TR Birt (AUS),2010-2012,4,4,1,1,0
D Bishoo (WI),2011-2019,7,7,1,1,0
JAR Blain (SCOT),2007-2008,6,5,1,1,0
TA Blundell (NZ),2017-2018,3,3,1,1,0
SM Boland (AUS),2016-2016,3,3,1,1,0
SG Borthwick (ENG),2011-2011,1,1,1,1,0
LE Bosman (SA),2006-2010,14,14,1,1,0
IDR Bradshaw (WI),2006-2006,1,1,1,1,0
DR Briggs (ENG),2012-2014,7,6,1,1,0
N Buckle (GUE),2019-2019,3,3,1,1,0
J Bulele (Moz),2019-2019,7,6,1,1,0
DE Burgess (Samoa),2019-2019,4,4,1,1,0
DK Butler (WI),2006-2006,1,1,1,1,0
CL Cairns (NZ),2005-2006,2,2,1,1,0
JD Campbell (WI),2019-2019,2,2,1,1,0
RJ Campbell (HKG),2016-2016,3,3,1,1,0
MA Carberry (ENG),2014-2014,1,1,1,1,0
NM Carter (SCOT),2013-2013,7,7,1,1,0
P Chandran (Mex),2019-2019,3,3,1,1,0
N Chejay (BHU),2019-2019,1,1,1,1,0
TS Chisoro (ZIM),2015-2018,12,12,1,1,0
AN Cook (ENG),2007-2009,4,4,1,1,0
J Cutinho (CRC),2019-2019,3,3,1,1,0
DK Dahyabhai Ahir (PNM),2019-2019,2,2,1,1,0
JWM Dalrymple (ENG),2006-2007,3,3,1,1,0
H Dandapani (Fin),2019-2019,5,5,1,1,0
K Dasan (),2019-2019,3,3,1,1,0
AS Dean (CAN),2008-2013,2,2,1,1,0
M de Lange (SA),2012-2015,6,6,1,1,0
CJ Delany (GIBR),2019-2019,4,4,1,1,0
SI de Saram (SL),2009-2009,1,1,1,1,0
PC de Silva (SL),2017-2017,2,2,1,1,0
Dhiman Ghosh (BDESH),2008-2008,1,1,1,0,1
AB Dinda (INDIA),2009-2012,9,9,1,1,0
LA Dunbar (Serb),2019-2019,2,2,1,1,0
AB Dursak (TKY),2019-2019,4,4,1,1,0
G Dutta (Mex),2019-2019,7,7,1,1,0
J Edness (BMUDA),2008-2008,3,3,1,0,1
RMS Eranga (SL),2012-2013,3,3,1,1,0
L Evile (Samoa),2019-2019,4,4,1,1,0
M Faheem (THAI),2019-2019,4,4,1,1,0
Faisal Khan (Saudi),2019-2019,4,4,1,1,0
Fareed Ahmad (AFG),2016-2019,14,14,1,1,0
Farhan Ahmed (UAE),2016-2016,3,3,1,1,0
Fayyaz Ahmed (UAE),2015-2015,1,1,1,1,0
CJ Ferguson (AUS),2009-2009,3,3,1,1,0
SE Findlay (WI),2008-2008,2,2,1,1,0
JA Fitzgerald (GIBR),2019-2019,4,4,1,1,0
BT Foakes (ENG),2019-2019,1,1,1,1,0
CR Foggo (BMUDA),2008-2008,3,3,1,1,0
TS Fray (BMUDA),2019-2019,10,10,1,1,0
C Fry (LUX),2019-2019,3,3,1,1,0
R Frylinck (SA),2017-2018,3,3,1,1,0
ST Gabriel (WI),2013-2013,2,2,1,1,0
WT Gavera (PNG),2015-2017,6,6,1,1,0
Gershon Yusuf (NGA),2019-2019,1,1,1,1,0
MR Gillespie (NZ),2006-2008,11,11,1,1,0
R Goodwin (PHI),2019-2019,4,4,1,1,0
JOA Gordon (CAN),2013-2019,7,7,1,1,0
TG Gordon (CAN),2012-2012,3,3,1,1,0
K Gore (USA),2019-2019,4,4,1,1,0
H Gori (CZK-R),2019-2019,7,7,1,1,0
S Goud (CZK-R),2019-2019,1,1,1,1,0
AM Guruge (UAE),2014-2015,5,5,1,1,0
Hafez Farooq (Peru),2019-2019,4,4,1,1,0
OJ Hairs (SCOT),2019-2019,8,8,1,1,0
Hamza Dar (ESP),2019-2019,1,1,1,1,0
SJ Harmison (ENG),2005-2006,2,2,1,1,0
NM Hauritz (AUS),2009-2009,3,3,1,1,0
ML Hayden (AUS),2005-2007,9,9,1,1,0
JR Hazlewood (AUS),2013-2016,7,7,1,1,0
MJ Henry (NZ),2014-2017,6,6,1,1,0
WW Hinds (WI),2006-2010,5,5,1,1,0
GB Hogg (AUS),2006-2014,15,15,1,1,0
Z Hoque (THAI),2019-2019,3,3,1,1,0
JM How (NZ),2007-2008,5,5,1,1,0
MG Hunter (GIBR),2019-2019,4,4,1,1,0
JJ Huo (Moz),2019-2019,7,6,1,1,0
J Hurley (Arg),2019-2019,3,3,1,1,0
A Husain (Arg),2019-2019,5,5,1,1,0
GM Hyde (Blz),2019-2019,3,3,1,1,0
Ibrahim Nashath (Mald),2019-2019,3,3,1,1,0
Ibrahim Rizan (Mald),2019-2019,5,5,1,1,0
Ibrahim Zadran (AFG),2019-2019,3,3,1,1,0
AF Ifill (Caym),2019-2019,6,6,1,1,0
Iftikhar Ahmed (PAK),2016-2019,6,6,1,1,0
Ilyas Ahmed (KUW),2019-2019,6,6,1,1,0
Imran Ashraf (QAT),2019-2019,3,3,1,1,0
Imran Haider (UAE),2016-2019,11,11,1,1,0
PJ Ingram (NZ),2010-2010,3,3,1,1,0
DF Jacobs (THAI),2019-2019,4,4,1,1,0
KM Jadhav (INDIA),2015-2017,9,9,1,1,0
S Jamil (Belg),2019-2019,3,3,1,1,0
Jasdeep Singh (USA),2019-2019,4,4,1,1,0
Jaspreet Singh (ITA),2019-2019,5,4,1,1,0
K Jethi (CAN),2008-2008,5,5,1,1,0
J Jojo (DEN),2019-2019,7,5,1,1,0
MO Jones (BMUDA),2019-2019,8,8,1,1,0
NG Jones (IRE),2010-2012,5,4,1,1,0
C Jonker (SA),2018-2018,2,2,1,1,0
Junaid Siddique (BDESH),2007-2012,7,7,1,1,0
Kaleem Shah (Moz),2019-2019,7,6,1,1,0
JK Kamande (KENYA),2007-2010,12,12,1,1,0
Kamran Shazad (UAE),2014-2014,3,3,1,1,0
TE Kane (IRE),2015-2019,7,5,1,1,0
S Keshvani (CAN),2010-2010,2,2,1,1,0
RWT Key (ENG),2009-2009,1,1,1,1,0
N Khanna (MALTA),2019-2019,2,2,1,1,0
Khizer Ahmed (NOR),2019-2019,5,5,1,0,1
N Khosla (MALTA),2019-2019,4,4,1,1,0
Khurram Chohan (CAN),2010-2010,4,4,1,1,0
TCR Kimber (GUE),2019-2019,3,3,1,0,1
NR Kirton (CAN),2019-2019,5,5,1,1,0
RK Kleinveldt (SA),2008-2013,6,6,1,1,0
Kuldeep Singh (PHI),2019-2019,4,4,1,1,0
P Kumar (INDIA),2008-2012,10,10,1,1,0
R Kumar (ROM),2019-2019,4,4,1,1,0
UKPW Kumaranayaka (KUW),2019-2019,3,3,1,1,0
A Lagos (),2019-2019,1,1,1,1,0
H Lakov (),2019-2019,3,3,1,1,0
CK Langeveldt (SA),2005-2010,9,9,1,1,0
B Laughlin (AUS),2009-2013,3,3,1,1,0
J Lewis (ENG),2005-2007,2,2,1,1,0
ML Lewis (AUS),2006-2006,2,2,1,1,0
RN Lewis (WI),2008-2008,1,1,1,1,0
NCK Liyanage (MAL),2019-2019,6,5,1,1,0
KS Lokuarachchi (SL),2012-2012,2,2,1,1,0
J Long (PHI),2019-2019,2,2,1,1,0
T Lungameni (NAM),2019-2019,6,6,1,1,0
GD McGrath (AUS),2005-2005,2,2,1,1,0
NJ Maddinson (AUS),2013-2018,6,6,1,1,0
DL Maddy (ENG),2007-2007,4,4,1,1,0
Mahedi Hasan (BDESH),2018-2018,1,1,1,1,0
Mahmad Data (PNM),2019-2019,2,2,1,1,0
S Mahmood (ENG),2019-2019,3,3,1,1,0
SI Mahmood (ENG),2006-2009,4,4,1,1,0
GI Maiden (SCOT),2008-2008,3,3,1,1,0
BF Mailata (Samoa),2019-2019,4,4,1,1,0
GT Main (SCOT),2015-2016,4,2,1,1,0
D Maisuria (Botsw),2019-2019,6,6,1,1,0
A Makesh (KUW),2019-2019,4,4,1,1,0
AK Mandal (NEPAL),2015-2015,2,2,1,1,0
Mandeep Singh (INDIA),2016-2016,3,3,1,1,0
P Manning (Caym),2019-2019,6,6,1,1,0
AK Markram (SA),2019-2019,2,2,1,1,0
HJH Marshall (NZ),2005-2006,3,3,1,1,0
OM Marshall (Peru),2019-2019,3,3,1,1,0
CS Martin (NZ),2007-2008,6,6,1,1,0
DR Martyn (AUS),2005-2006,4,4,1,1,0
I Master (Botsw),2019-2019,2,2,1,1,0
GE Mathurin (WI),2011-2012,3,3,1,1,0
B Mavuta (ZIM),2018-2018,3,3,1,1,0
M Meade (Chile),2019-2019,1,1,1,1,0
SC Meaker (ENG),2012-2012,2,2,1,1,0
J Mees (LUX),2019-2019,3,3,1,1,0
PHKD Mendis (SL),2018-2019,4,4,1,1,0
CAJ Meschede (GER),2019-2019,5,5,1,1,0
KO Meth (ZIM),2012-2012,2,2,1,1,0
Mian Mehmood (PORT),2019-2019,4,4,1,1,0
AJ Michael (Samoa),2019-2019,4,4,1,1,0
TS Mills (ENG/ICC),2016-2018,5,5,1,1,0
A Mishra (INDIA),2010-2017,10,10,1,1,0
P Mishra (),2019-2019,3,3,1,1,0
K Modise (Botsw),2019-2019,3,3,1,1,0
Mohammad Irfan (PAK),2012-2019,22,22,1,1,0
Mohammad Kashif (NL),2010-2010,3,3,1,1,0
Mohammad Shahzad (UAE),2015-2017,20,20,1,1,0
Mohammad Tauqir (UAE),2015-2015,3,3,1,1,0
Mohammad Yousuf (PAK),2006-2010,3,3,1,1,0
JN Mohammed (WI),2017-2018,9,9,1,1,0
Mohammed Qasim (UAE),2016-2017,3,3,1,1,0
Mohammed Siraj (INDIA),2017-2018,3,3,1,1,0
HJC Mol (NL),2008-2008,4,3,1,1,0
Mominul Haque (BDESH),2012-2014,6,6,1,1,0
D Mongia (INDIA),2006-2006,1,1,1,1,0
M Mooketsi (Botsw),2019-2019,7,7,1,1,0
Mudassar Muhammad (GER),2019-2019,7,7,1,1,0
Muhamad Syahadat (MAL),2019-2019,10,9,1,1,0
Muhammad Amir (MAL),2019-2019,1,1,1,1,0
Muhammad Asjed (ESP),2019-2019,2,2,1,1,0
Muhammad Kaleem (UAE),2016-2016,9,9,1,1,0
Muhammad Khurram (MWI),2019-2019,5,5,1,1,0
Muhammad Naeem (Saudi),2019-2019,5,5,1,1,0
Muhammad Saleem (),2019-2019,4,4,1,1,0
JK Mukhiya (NEPAL),2014-2015,4,4,1,1,0
EMDY Munaweera (SL),2012-2017,13,13,1,1,0
GBW Munaweera (QAT),2019-2019,5,5,1,1,0
Munir Dar (HKG),2014-2014,2,2,1,1,0
M Muralitharan (SL),2006-2010,12,12,1,1,0
D Murphy (SCOT),2013-2013,4,4,1,1,0
Musawar Shah (QAT),2019-2019,2,2,1,1,0
N M'shangwe (ZIM),2013-2014,5,5,1,1,0
AK Muslar (Blz),2019-2019,3,3,1,1,0
Muslim Yar (GER),2019-2019,7,7,1,1,0
T Muzarabani (ZIM),2015-2016,9,9,1,1,0
M Mwamadi (MWI),2019-2019,3,3,1,1,0
Najjam Shahzad (PORT),2019-2019,4,4,1,1,0
DM Nakrani (UGA),2019-2019,4,4,1,1,0
W Nalisa (VAN),2019-2019,9,9,1,1,0
DP Nannes (AUS/NL),2009-2010,17,17,1,1,0
Naseem Khushi (OMAN),2017-2019,10,10,1,1,0
A Nathwani (Aut),2019-2019,5,5,1,1,0
A Natubhai Ahir (PNM),2019-2019,3,3,1,1,0
Naveed Ahmed (CZK-R),2019-2019,7,7,1,1,0
Nazakat Ali (NOR),2019-2019,2,2,1,1,0
Nazril Rahman (MAL),2019-2019,7,7,1,1,0
A Nel (SA),2005-2007,2,2,1,1,0
JD Nel (SCOT),2007-2010,10,9,1,1,0
L Ngidi (SA),2017-2018,7,7,1,1,0
PA Nixon (ENG),2007-2007,1,1,1,0,1
L Nussbaumer (GUE),2019-2019,1,1,1,1,0
SH Obed (VAN),2019-2019,12,12,1,1,0
E Ochieng (KENYA),2019-2019,2,2,1,1,0
PP Ojha (INDIA),2009-2010,6,6,1,1,0
SNJ O'Keefe (AUS),2010-2011,7,7,1,1,0
IO Okpe (NGA),2019-2019,8,8,1,1,0
R Olipa (UGA),2019-2019,2,2,1,1,0
Omar Hayat (DEN),2019-2019,2,2,1,1,0
A Otwani (UGA),2019-2019,4,4,1,1,0
SD Outerbridge (BMUDA),2008-2008,3,3,1,1,0
E Packard (GIBR),2019-2019,4,4,1,1,0
K Pala (PNG),2015-2015,2,2,1,1,0
I Pandey (NEPAL),2019-2019,4,4,1,1,0
NMS Param (SGP),2019-2019,8,8,1,1,0
PA Patel (INDIA),2011-2011,2,2,1,1,0
RN Patel (KENYA),2019-2019,2,2,1,1,0
D Paterson (SA),2017-2018,8,8,1,1,0
C Pengkumta (THAI),2019-2019,4,4,1,1,0
AK Perera (SL),2013-2019,6,6,1,1,0
SL Perera (Ghana),2019-2019,2,2,1,1,0
WKD Perkins (WI),2008-2008,1,1,1,1,0
J Perman (ESP),2019-2019,2,2,1,1,0
AN Petersen (SA),2010-2010,2,2,1,1,0
VD Philander (SA),2007-2007,7,7,1,1,0
K Pierre (WI),2018-2019,8,8,1,1,0
R Pillai (GER),2019-2019,6,6,1,1,0
R Pisal (ROM),2019-2019,1,1,1,1,0
S Pokhriyal (CZK-R),2019-2019,5,5,1,1,0
KOA Powell (WI),2014-2014,1,1,1,1,0
M Pushpakumara (SL),2009-2009,1,1,1,1,0
A Rangaswamy (Botsw),2019-2019,4,4,1,1,0
Raqibul Hasan (BDESH),2008-2010,5,5,1,1,0
Raza Iqbal (NOR),2019-2019,5,5,1,1,0
CMW Read (ENG),2006-2006,1,1,1,1,0
FL Reifer (WI),2009-2009,1,1,1,1,0
JB Reva (PNG),2015-2019,9,9,1,1,0
KAJ Roach (WI),2008-2012,11,11,1,1,0
IH Romaine (BMUDA),2008-2008,2,2,1,1,0
Rubel Hossain (BDESH),2009-2018,27,26,1,1,0
Rumman Raees (PAK),2016-2018,8,8,1,1,0
RJMGM Rupasinghe (SL),2009-2009,2,2,1,1,0
GR Russ (PHI),2019-2019,3,3,1,1,0
HD Rutherford (NZ),2013-2019,8,8,1,1,0
SE Rutherford (WI),2018-2019,3,3,1,1,0
Saad Nasim (PAK),2014-2014,3,3,1,1,0
VM Sachdev (PNM),2019-2019,2,2,1,1,0
Sadeeq Khan (ROM),2019-2019,3,3,1,1,0
Sahir Naqash (GER),2019-2019,7,7,1,1,0
NA Saini (INDIA),2019-2019,5,5,1,1,0
Sajedul Islam (BDESH),2013-2013,1,1,1,1,0
AM Samad (CAN),2008-2010,7,7,1,1,0
SV Samson (INDIA),2015-2015,1,1,1,1,0
R Sandaruwan (KUW),2019-2019,10,10,1,1,0
JRMVB Sanjaya (SL),2017-2017,8,8,1,1,0
K Santokie (WI),2011-2014,12,12,1,1,0
Saqlain Arshad (QAT),2019-2019,2,2,1,1,0
M Sarenac (Serb),2019-2019,2,2,1,1,0
A Sarma (GER),2019-2019,3,3,1,1,0
MM Sarwar (KUW),2019-2019,5,5,1,1,0
I Sawmy (DEN),2019-2019,2,2,1,1,0
Sayed Shirzad (AFG),2015-2019,4,4,1,1,0
CP Schofield (ENG),2007-2007,4,4,1,1,0
Shaffeq Muhammad (),2019-2019,2,2,1,1,0
Shafiul Islam (BDESH),2010-2019,17,17,1,1,0
Shaheen Shah Afridi (PAK),2018-2019,10,10,1,1,0
Shaheryar Butt (Belg),2019-2019,3,3,1,1,0
Shahid Wasif (HKG),2016-2019,9,9,1,1,0
Shahriar Nafees (BDESH),2006-2006,1,1,1,1,0
A Shahzad (ENG),2010-2011,3,3,1,1,0
Shamsudheen Purat (Saudi),2019-2019,3,3,1,1,0
JNK Shannon (IRE),2013-2018,8,8,1,1,0
Sharafuddin Ashraf (AFG),2015-2019,8,8,1,1,0
MM Sharma (INDIA),2014-2015,8,8,1,1,0
V Shetty (UAE),2014-2014,2,2,1,1,0
Shoaib Khan jnr (PAK),2008-2008,4,4,1,1,0
Shuvagata Hom (BDESH),2016-2016,5,5,1,1,0
EHSN Silva (UAE),2014-2014,2,2,1,1,0
KRP Silva (USA),2019-2019,2,2,1,1,0
M Simpson-Parker (Aut),2019-2019,3,3,1,1,0
J Singye (BHU),2019-2019,2,2,1,1,0
DS Smith (WI),2007-2009,6,6,1,1,0
SJS Smith (SCOT),2010-2012,5,5,1,0,1
J Smits (NL),2008-2009,6,5,1,1,0
JT Smuts (SA),2017-2018,8,8,1,1,0
JN Snape (ENG),2007-2007,1,1,1,1,0
CB Sole (SCOT),2017-2018,4,4,1,1,0
A Srivastav (Chile),2019-2019,4,4,1,1,0
ACF Stokes (GUE),2019-2019,7,7,1,1,0
AJ Strauss (ENG),2005-2009,4,4,1,1,0
R Strydom (IRE),2008-2008,4,3,1,1,0
Sufyan Mehmood (OMAN),2015-2019,3,3,1,1,0
P Syafiq Ali (MAL),2019-2019,2,1,1,1,0
Syed Rasel (BDESH),2007-2008,8,8,1,1,0
Tanveer Ahmed (HKG),2016-2017,5,5,1,1,0
Taskin Ahmed (BDESH),2014-2018,19,17,1,1,0
P Taylor (CZK-R),2019-2019,7,7,1,1,0
T Taylor (Caym),2019-2019,6,6,1,1,0
SR Tendulkar (INDIA),2006-2006,1,1,1,1,0
SP Terry (IRE),2016-2016,1,1,1,1,0
DC Thomas (WI),2009-2013,3,3,1,0,1
S Tobgay (BHU),2019-2019,2,2,1,1,0
GC Tonge (WI),2009-2009,1,1,1,1,0
RJW Topley (ENG),2015-2016,6,6,1,1,0
A Tripathi (Mex),2019-2019,3,3,1,1,0
LL Tsotsobe (SA),2009-2014,23,23,1,1,0
JJ Tucker (BMUDA),2019-2019,5,5,1,1,0
S Tyagi (INDIA),2009-2009,1,1,1,1,0
A Uniyal (Chile),2019-2019,3,3,1,1,0
Usama Master (MWI),2019-2019,6,6,1,1,0
Usman Ali (Saudi),2019-2019,5,5,1,1,0
Usman Limbada (CAN),2010-2013,7,7,1,1,0
Usman Shinwari (PAK),2013-2019,16,16,1,1,0
Usman Waheed (KUW),2019-2019,6,6,1,1,0
JDF Vandersay (SL),2015-2019,10,10,1,1,0
MB van Schelven (NL),2015-2015,2,2,1,1,0
TCW Veillard (GUE),2019-2019,4,4,1,1,0
S Vijayakumar (SGP),2019-2019,9,9,1,1,0
Vimal Kumar (PHI),2019-2019,2,2,1,1,0
R Vinay Kumar (INDIA),2010-2013,9,9,1,1,0
L Vincent (NZ),2006-2007,9,9,1,1,0
W Viraliliu (VAN),2019-2019,10,10,1,1,0
Vishal Ahir (PNM),2019-2019,1,1,1,1,0
KDK Vithanage (SL),2014-2016,3,3,1,1,0
Waqar Khan (Peru),2019-2019,4,4,1,1,0
Waqas Ali (Belg),2019-2019,2,2,1,1,0
Washeem Abbas (MALTA),2019-2019,2,2,1,1,0
VS Wategaonkar (OMAN),2016-2016,2,2,1,1,0
RM West (IRE),2009-2009,5,5,1,1,0
AA Westphal (Mex),2019-2019,5,5,1,1,0
BTJ Wheal (SCOT),2016-2017,5,5,1,1,0
BM Wheeler (NZ),2017-2018,6,6,1,1,0
S Wickramasekara (CZK-R),2019-2019,5,5,1,1,0
SA Wijeyeratne (CAN),2019-2019,2,2,1,1,0
JD Wildermuth (AUS),2018-2018,2,2,1,1,0
CR Woakes (ENG),2011-2015,8,8,1,1,0
LJ Woodcock (NZ),2010-2011,3,3,1,1,0
GH Worker (NZ),2015-2015,2,2,1,1,0
AS Wright (GUE),2019-2019,8,8,1,1,0
CM Wright (SCOT),2007-2009,3,2,1,1,0
HN Ya France (NAM),2019-2019,6,6,1,1,0
Yasar Idrees (KUW),2019-2019,1,1,1,1,0
Yasir Arafat (PAK),2007-2012,13,13,1,1,0
Zaheer Maqsood (UAE),2015-2016,3,3,1,1,0
Zahid Hussain (CAN),2012-2012,3,3,1,1,0
Zameer Khan (DEN),2019-2019,2,2,1,1,0
A Zampa (AUS),2016-2019,27,26,1,1,0
C Zavoiu (ROM),2019-2019,3,3,1,1,0
Zawar Farid (UAE),2019-2019,4,4,1,1,0
Zeeshan Abbas (BAH),2019-2019,1,1,1,1,0
Zubaidi Zulkifle (MAL),2019-2019,4,4,1,1,0
Zulfiqar Babar (PAK),2013-2014,7,7,1,1,0
Zulqarnain Haider (PAK),2007-2010,3,3,1,0,1
Zulqarnain Haider (ESP),2019-2019,5,5,1,1,0
Aamer Ikram (PORT),2019-2019,4,4,0,0,0
Aamer Yamin (PAK),2015-2018,2,2,0,0,0
Aaron Jones (USA),2019-2019,8,8,0,0,0
Z Abbasi (Botsw),2019-2019,1,1,0,0,0
Abbas Saad (Saudi),2019-2019,2,2,0,0,0
YA Abdulla (SA),2009-2009,2,2,0,0,0
Abdullah Mahmood (DEN),2019-2019,1,1,0,0,0
Abdullah Sheikh (NOR),2019-2019,2,2,0,0,0
Abdul Rashid (Belg),2019-2019,1,1,0,0,0
Abdur Rauf (PAK),2008-2008,1,1,0,0,0
M Aboagye (Ghana),2019-2019,3,3,0,0,0
RA Abolarin (NGA),2019-2019,1,1,0,0,0
Abul Hasan (BDESH),2012-2018,5,5,0,0,0
AG Achar (SGP),2019-2019,3,3,0,0,0
F Achelam (UGA),2019-2019,1,1,0,0,0
Adil Hanif (BAH),2019-2019,4,4,0,0,0
Adnan Mufti (UAE),2017-2017,1,1,0,0,0
N Advani (GIBR),2019-2019,1,1,0,0,0
Aftab Ahmed (2) (DEN),2019-2019,1,1,0,0,0
AB Agarkar (INDIA),2006-2007,4,3,0,0,0
A Ahmadhel (),2019-2019,3,3,0,0,0
RI Ahmed (NL),2015-2015,2,2,0,0,0
Ahmed Wardak (GER),2019-2019,9,9,0,0,0
Ahsan Abbasi (HKG),2019-2019,6,6,0,0,0
Ainool Hafizs (MAL),2019-2019,3,3,0,0,0
Aizaz Cheema (PAK),2011-2012,5,5,0,0,0
D Ajekun (NGA),2019-2019,6,6,0,0,0
C Akyuz (TKY),2019-2019,2,2,0,0,0
Ali Ivan (Mald),2019-2019,1,1,0,0,0
Ali Naqi (PORT),2019-2019,4,4,0,0,0
J Allen (),2019-2019,2,2,0,0,0
HS Alta (TKY),2019-2019,4,4,0,0,0
Ameel Mauroof (Mald),2019-2019,10,10,0,0,0
Ameer Saiyed (Botsw),2019-2019,4,4,0,0,0
Aminul Islam (BDESH),2019-2019,4,4,0,0,0
Amir Hayat (UAE),2018-2019,4,4,0,0,0
Amir Hamza (AFG),2013-2017,31,31,0,0,0
Ammad Uddin (BAH),2019-2019,4,4,0,0,0
Anas Khan (HKG),2014-2014,1,1,0,0,0
J Anderson (IRE),2015-2015,4,2,0,0,0
DK Anefie (Ghana),2019-2019,4,4,0,0,0
A Anemogiannis (),2019-2019,1,1,0,0,0
B Angeltti (Arg),2019-2019,3,3,0,0,0
DNA Ankrah (Ghana),2019-2019,4,4,0,0,0
M Ansari (OMAN),2015-2016,11,10,0,0,0
Ansar Iqbal (NOR),2019-2019,4,4,0,0,0
MA Aponso (SL),2018-2018,3,3,0,0,0
Apon Mustafizur (Serb),2019-2019,2,2,0,0,0
S Appu (MALTA),2019-2019,4,4,0,0,0
S Aravind (INDIA),2015-2015,1,1,0,0,0
JC Archer (ENG),2019-2019,1,1,0,0,0
Z Arinaitwe (UGA),2019-2019,3,3,0,0,0
RP Arnold (SL),2006-2006,1,1,0,0,0
B Arora (MALTA),2019-2019,4,4,0,0,0
Arsalan Arif (Aut),2019-2019,2,2,0,0,0
Arsalan Qadir (CAN),2010-2010,1,1,0,0,0
Arshad Hayat (CZK-R),2019-2019,6,6,0,0,0
Arslan Ahmed (PORT),2019-2019,3,3,0,0,0
Arslan Ahmed (),2019-2019,3,3,0,0,0
Asad Ali (PAK),2013-2013,2,2,0,0,0
A Aspiotis (),2019-2019,3,3,0,0,0
MS Atapattu (SL),2006-2006,2,2,0,0,0
S Ateak (Ghana),2019-2019,3,3,0,0,0
Atif Ali Khan (UAE),2016-2016,1,1,0,0,0
Atif Mehmood (ESP),2019-2019,9,9,0,0,0
R Avery (),2019-2019,4,4,0,0,0
Awais Zia (PAK),2012-2014,5,5,0,0,0
P Awana (INDIA),2012-2012,2,2,0,0,0
Aziz Mohammad (Belg),2019-2019,3,3,0,0,0
Azyan Farhath (Mald),2019-2019,2,2,0,0,0
S Badrinath (INDIA),2011-2011,1,1,0,0,0
LS Baker (WI),2008-2009,3,3,0,0,0
R Bakum (Ghana),2019-2019,4,4,0,0,0
L Balaji (INDIA),2012-2012,5,5,0,0,0
KMC Bandara (SL),2016-2016,1,1,0,0,0
HH Banner (Blz),2019-2019,3,3,0,0,0
TC Barker (LUX),2019-2019,4,4,0,0,0
MC Bascombe (WI),2011-2011,1,1,0,0,0
Bashir Shah (DEN),2019-2019,4,4,0,0,0
TC Bastiampillai (CAN),2010-2010,2,2,0,0,0
MD Bates (NZ),2012-2012,3,3,0,0,0
GJ Batty (ENG),2009-2009,1,1,0,0,0
D Bau (PNG),2017-2017,1,1,0,0,0
CS Baugh (WI),2008-2012,3,3,0,0,0
DE Bernard (WI),2009-2009,1,1,0,0,0
TL Best (WI),2013-2014,6,6,0,0,0
P Bharat Patel (PNM),2019-2019,2,2,0,0,0
S Bhari (NEPAL),2019-2019,6,6,0,0,0
P Bhart (NOR),2019-2019,5,5,0,0,0
A Bhattarai (NEPAL),2014-2014,1,1,0,0,0
U Bhatti (CAN),2008-2010,7,7,0,0,0
Bilal Ahmed (Serb),2019-2019,1,1,0,0,0
IS Billcliff (CAN),2010-2010,2,2,0,0,0
STR Binny (INDIA),2015-2016,3,3,0,0,0
K Birkenstock (NAM),2019-2019,4,4,0,0,0
KK Bishnoi (),2019-2019,3,3,0,0,0
CC Blake (VAN),2019-2019,3,3,0,0,0
AM Blignaut (ZIM),2010-2010,1,1,0,0,0
GH Bodi (SA),2007-2007,1,1,0,0,0
N Boje (SA),2005-2005,1,1,0,0,0
NE Bonner (WI),2011-2012,2,2,0,0,0
CJ Boyce (AUS),2014-2016,7,7,0,0,0
TS Braat (NL),2019-2019,3,3,0,0,0
DL Brangman (BMUDA),2019-2019,5,5,0,0,0
DR Brown (SCOT),2007-2007,2,1,0,0,0
P Buccimazza (PORT),2019-2019,4,4,0,0,0
NB Budayair (NEPAL),2014-2014,4,4,0,0,0
A Bulow (DEN),2019-2019,2,1,0,0,0
CG Burnett (SCOT),2013-2013,1,1,0,0,0
S Byrne (MALTA),2019-2019,2,2,0,0,0
G Caisley (),2019-2019,4,4,0,0,0
HL Carlyon (JER),2019-2019,9,9,0,0,0
A Carthew (Chile),2019-2019,4,4,0,0,0
T Caruana (GIBR),2019-2019,2,2,0,0,0
D Cato (Caym),2019-2019,3,3,0,0,0
JJ Celestine (BMUDA),2008-2008,3,3,0,0,0
DL Chahar (INDIA),2018-2019,10,10,0,0,0
RD Chahar (INDIA),2019-2019,1,1,0,0,0
Charanjeet Singh (ITA),2019-2019,3,2,0,0,0
G Chaturvedi (MALTA),2019-2019,2,2,0,0,0
M Chauhan (Fin),2019-2019,2,2,0,0,0
VB Chikkannaiah (GER),2019-2019,7,7,0,0,0
Chirag Suri (UAE),2018-2019,7,7,0,0,0
S Chophel (BHU),2019-2019,1,1,0,0,0
DO Christian (WI),2011-2011,2,2,0,0,0
I Civric (Serb),2019-2019,1,1,0,0,0
GL Cloete (SA),2018-2019,2,2,0,0,0
FRJ Coleman (SCOT),2013-2013,1,1,0,0,0
NG Collins (Fin),2019-2019,5,5,0,0,0
MNR Cooray (Mald),2019-2019,4,4,0,0,0
M Cope (LUX),2019-2019,2,2,0,0,0
SJ Cotter (Samoa),2019-2019,4,4,0,0,0
MS Crane (ENG),2017-2017,2,2,0,0,0
SM Curran (ENG),2019-2019,5,5,0,0,0
D Daesrath (CAN),2013-2013,1,1,0,0,0
H Dajc (Serb),2019-2019,2,2,0,0,0
S Dalton (CZK-R),2019-2019,3,3,0,0,0
I Danladi (NGA),2019-2019,3,3,0,0,0
H Davids (SA),2012-2013,9,9,0,0,0
S Davizi (CZK-R),2019-2019,2,2,0,0,0
Dawlat Ahmadzai (AFG),2010-2010,2,2,0,0,0
DC Delany (IRE),2019-2019,8,8,0,0,0
D de la Puente (Peru),2019-2019,2,2,0,0,0
PA Desai (CAN),2012-2012,1,1,0,0,0
ST de Silva (SL),2017-2017,3,3,0,0,0
BJ Diamanti (NZ),2009-2009,1,1,0,0,0
V Dikov (),2019-2019,3,3,0,0,0
LHD Dilhara (SL),2008-2008,2,2,0,0,0
SDJJ Dima (Moz),2019-2019,4,3,0,0,0
N Dipakkumar Patel (PNM),2019-2019,3,3,0,0,0
HH Dippenaar (SA),2006-2006,1,1,0,0,0
M Dixit (LUX),2019-2019,3,3,0,0,0
A Djorovic (Serb),2019-2019,2,2,0,0,0
XJ Doherty (AUS),2012-2013,11,11,0,0,0
JN Dorji (BHU),2019-2019,1,1,0,0,0
K Dorji (BHU),2019-2019,2,2,0,0,0
RM Dorji (BHU),2019-2019,1,1,0,0,0
U Dorji (BHU),2019-2019,2,2,0,0,0
TM Dowlin (WI),2009-2010,2,2,0,0,0
R Dravid (INDIA),2011-2011,1,1,0,0,0
BM Duckett (ENG),2019-2019,1,1,0,0,0
B Dugic (Serb),2019-2019,2,2,0,0,0
J Dunn (VAN),2019-2019,4,4,0,0,0
PS Eaglestone (IRE),2010-2010,1,1,0,0,0
KR Ebanks (Caym),2019-2019,5,5,0,0,0
Ehsan Nawaz (HKG),2014-2017,5,5,0,0,0
AM Ellis (NZ),2012-2013,5,5,0,0,0
C Emmott (Chile),2019-2019,2,2,0,0,0
RR Emrit (WI),2018-2018,4,4,0,0,0
Faizan Asif (UAE),2014-2015,6,6,0,0,0
Fakhrul Mohon (PORT),2019-2019,4,4,0,0,0
Fawad Ahmed (AUS),2013-2013,2,2,0,0,0
Fazal Niazai (AFG),2019-2019,1,1,0,0,0
H Fennell (Arg),2019-2019,5,5,0,0,0
B Fernando (SL),2015-2015,2,2,0,0,0
BOP Fernando (SL),2019-2019,3,3,0,0,0
MVT Fernando (SL),2017-2017,1,1,0,0,0
Fiaz Ahmad (KUW),2019-2019,3,3,0,0,0
Fida Hussain (ITA),2019-2019,2,2,0,0,0
R Flannigan (SCOT),2012-2012,4,4,0,0,0
P Florin (ROM),2019-2019,4,4,0,0,0
KK Flowers (Blz),2019-2019,3,3,0,0,0
C Floyd (NL),2019-2019,2,2,0,0,0
BC Fortuin (SA),2019-2019,2,2,0,0,0
AR Gandhi (KENYA),2019-2019,3,3,0,0,0
D Ganga (WI),2006-2006,1,1,0,0,0
MD Garratt (GIBR),2019-2019,4,4,0,0,0
Garret Banner (Blz),2019-2019,1,1,0,0,0
SP Gauchan (NEPAL),2014-2015,9,9,0,0,0
A Gavde (Caym),2019-2019,1,1,0,0,0
R Gaznavi (SGP),2019-2019,2,2,0,0,0
B Geeves (AUS),2009-2009,1,1,0,0,0
L Gharasim (ROM),2019-2019,2,2,0,0,0
JN Gillespie (AUS),2005-2005,1,1,0,0,0
O Goker (TKY),2019-2019,1,1,0,0,0
GF Gomes (Moz),2019-2019,7,6,0,0,0
M Goonetilleke (MALTA),2019-2019,1,1,0,0,0
D Gough (ENG),2005-2006,2,2,0,0,0
S Goustis (),2019-2019,3,3,0,0,0
L Gregory (ENG),2019-2019,5,5,0,0,0
R Gunasekera (CAN),2012-2013,8,8,0,0,0
HF Gurney (ENG),2014-2014,2,2,0,0,0
AJ Hall (SA),2006-2006,2,2,0,0,0
PSP Handscomb (AUS),2019-2019,2,2,0,0,0
Hardev Singh (Chile),2019-2019,3,3,0,0,0
Haroon Arshad (HKG),2019-2019,10,10,0,0,0
Haroon Mughal (MALTA),2019-2019,4,4,0,0,0
LHB Harrington-Myers (Caym),2019-2019,4,4,0,0,0
RJ Harris (AUS),2010-2010,3,3,0,0,0
SM Harwood (AUS),2007-2009,3,3,0,0,0
Hasheem Shahzad (MALTA),2019-2019,2,2,0,0,0
Hashmatullah Shahidi (AFG),2013-2013,1,1,0,0,0
Hassan Rasheed (Mald),2019-2019,8,8,0,0,0
RJ Hatchman (GIBR),2019-2019,1,1,0,0,0
Hayatullah Niazi (NOR),2019-2019,4,4,0,0,0
H Helva (TKY),2019-2019,4,4,0,0,0
DL Hemp (BMUDA),2008-2008,2,2,0,0,0
T Henderson (SA),2006-2006,1,1,0,0,0
PD Hennessy (ESP),2019-2019,8,8,0,0,0
HMRKB Herath (SL),2011-2016,17,17,0,0,0
BW Hilfenhaus (AUS),2007-2012,7,7,0,0,0
J Hill (PHI),2019-2019,4,4,0,0,0
H Hiri (PNG),2016-2019,5,5,0,0,0
J Hirschi (MALTA),2019-2019,4,4,0,0,0
PA Hitchcock (NZ),2008-2008,1,1,0,0,0
KC Hodsoll (BMUDA),2008-2008,1,1,0,0,0
S Hongsi (THAI),2019-2019,3,3,0,0,0
PJ Hughes (AUS),2014-2014,1,1,0,0,0
EH Hutchinson (USA),2019-2019,2,2,0,0,0
Ibrahim Khan (Saudi),2019-2019,1,1,0,0,0
Iftikhar Anjum (PAK),2007-2009,2,2,0,0,0
Ijaz Hussain (ROM),2019-2019,3,3,0,0,0
Imam-ul-Haq (PAK),2019-2019,2,2,0,0,0
Imran Ali Butt (BAH),2019-2019,4,4,0,0,0
Imran Bulbulia (PNM),2019-2019,3,3,0,0,0
Imran Khan (PORT),2019-2019,4,4,0,0,0
RK Inampud (Mex),2019-2019,3,3,0,0,0
Inzamam-ul-Haq (PAK),2006-2006,1,1,0,0,0
AJ Ireland (ZIM),2006-2006,1,1,0,0,0
Irfan Bhima (MWI),2019-2019,4,4,0,0,0
Irfan Mir (Chile),2019-2019,4,4,0,0,0
E Isaneez (UGA),2019-2019,3,3,0,0,0
B Ivanov (),2019-2019,3,3,0,0,0
D Jakiel (ZIM),2019-2019,2,2,0,0,0
NA Janes (THAI),2019-2019,2,2,0,0,0
T Jamtsho (BHU),2019-2019,2,2,0,0,0
Javed Ahmadi (AFG),2012-2017,3,3,0,0,0
Javed Maroofkhail (NOR),2019-2019,2,2,0,0,0
CU Jayasinghe (SL),2009-2010,5,5,0,0,0
P Jayeshbhai Patel (PNM),2019-2019,2,2,0,0,0
Jay Odedra (OMAN),2019-2019,3,3,0,0,0
JS Jesani (KENYA),2007-2007,1,1,0,0,0
HJ Jordaan (THAI),2019-2019,4,4,0,0,0
GJ Joseph (Blz),2019-2019,1,1,0,0,0
K Joshi (Aut),2019-2019,4,4,0,0,0
Jubair Hossain (BDESH),2015-2015,1,1,0,0,0
Junaid Khan (PAK),2011-2014,9,9,0,0,0
S Jyoti (CAN),2008-2008,2,2,0,0,0
Kaleemullah (OMAN),2017-2019,6,6,0,0,0
G Kaltongga (VAN),2019-2019,3,3,0,0,0
S Randiv (SL),2010-2011,7,7,0,0,0
TP Kamungozi (ZIM),2014-2014,1,1,0,0,0
S Kansoy (TKY),2019-2019,4,4,0,0,0
A Karn (NEPAL),2015-2015,2,2,0,0,0
M Kartik (INDIA),2007-2007,1,1,0,0,0
E Katchay (CAN),2008-2008,4,4,0,0,0
S Kaul (INDIA),2018-2019,3,3,0,0,0
HB Kayondo (UGA),2019-2019,3,3,0,0,0
D Kegasitswe (Botsw),2019-2019,4,4,0,0,0
SKW Kelly (BMUDA),2008-2008,3,3,0,0,0
P Kerai (KENYA),2019-2019,6,6,0,0,0
A Khan (ENG),2009-2009,1,1,0,0,0
B Khumalo (Botsw),2019-2019,3,3,0,0,0
Khurram Manzoor (PAK),2016-2016,3,3,0,0,0
Khushdil Shah (PAK),2019-2019,1,1,0,0,0
JH Kiani (PHI),2019-2019,4,4,0,0,0
GE Kidd (IRE),2010-2010,1,1,0,0,0
VJ Kingma (NL),2016-2019,4,4,0,0,0
RJ Kirtley (ENG),2007-2007,1,1,0,0,0
S Kizilkaya (TKY),2019-2019,4,4,0,0,0
MF Koc (TKY),2019-2019,2,2,0,0,0
AC Kose (TKY),2019-2019,4,4,0,0,0
A Krishna (SGP),2019-2019,4,4,0,0,0
GJP Kruger (SA),2006-2006,1,1,0,0,0
DS Kulkarni (INDIA),2016-2016,2,2,0,0,0
CBRLS Kumara (SL),2019-2019,3,3,0,0,0
Kushal Malla (NEPAL),2019-2019,3,3,0,0,0
GA Lamb (ZIM),2010-2010,5,5,0,0,0
T Langa (VAN),2019-2019,1,1,0,0,0
E Leie (SA),2015-2015,2,2,0,0,0
RDM Leverock (BMUDA),2008-2008,2,2,0,0,0
I Lisboa (Chile),2019-2019,1,1,0,0,0
LS Livingstone (ENG),2017-2017,2,2,0,0,0
CA Liyanage (Mald),2019-2019,2,2,0,0,0
K Loday (BHU),2019-2019,1,1,0,0,0
J Louw (SA),2008-2009,2,2,0,0,0
L Louwrens (NAM),2019-2019,1,1,0,0,0
Lucky Ali (DEN),2019-2019,2,2,0,0,0
NM Lyon (AUS),2016-2018,2,2,0,0,0
RT Lyons (SCOT),2010-2010,2,2,0,0,0
AM McCarthy (WI),2018-2018,1,1,0,0,0
NFI McCallum (SCOT),2007-2010,11,10,0,0,0
OC McCoy (WI),2019-2019,2,2,0,0,0
AJ McKay (NZ),2010-2010,2,2,0,0,0
CJ McKay (AUS),2010-2013,6,6,0,0,0
ND McKenzie (SA),2006-2009,2,2,0,0,0
DSK Madushanka (SL),2018-2018,2,2,0,0,0
LD Madushanka (SL),2019-2019,2,2,0,0,0
RP Magar (NEPAL),2014-2015,6,6,0,0,0
R Mahajan (PHI),2019-2019,3,3,0,0,0
C Mahoney (Peru),2019-2019,3,3,0,0,0
Mamoon Latif (Belg),2019-2019,3,3,0,0,0
G Manan (ROM),2019-2019,3,3,0,0,0
D Manani (ROM),2019-2019,2,2,0,0,0
M Markande (INDIA),2019-2019,1,1,0,0,0
D Marks (MALTA),2019-2019,2,2,0,0,0
JAH Marshall (NZ),2005-2008,3,3,0,0,0
JL Martel (GUE),2019-2019,3,3,0,0,0
B Masaba (UGA),2019-2019,1,1,0,0,0
MJ Mason (NZ),2006-2008,3,3,0,0,0
N Master (Botsw),2019-2019,2,2,0,0,0
ZE Matsinhe (Moz),2019-2019,7,6,0,0,0
V Mbazo (Botsw),2019-2019,4,4,0,0,0
GJ McCarter (IRE),2015-2015,3,2,0,0,0
BJ McCarthy (IRE),2017-2018,6,6,0,0,0
Z McLaughlin (Caym),2019-2019,3,3,0,0,0
A Mehmood (HKG),2016-2016,2,2,0,0,0
Mehrab Hossain jnr (BDESH),2008-2009,2,2,0,0,0
D Mejia (CRC),2019-2019,3,3,0,0,0
K Mendon (CZK-R),2019-2019,6,6,0,0,0
JH Mensah (Ghana),2019-2019,2,2,0,0,0
DP Michael (Samoa),2019-2019,4,4,0,0,0
Michael Nazir (MALTA),2019-2019,1,1,0,0,0
Mihusan Hamid (Mald),2019-2019,1,1,0,0,0
Mirza Ahsan (Aut),2019-2019,5,5,0,0,0
Mohamed Arief (MAL),2019-2019,5,5,0,0,0
Mohameed Taiwo (NGA),2019-2019,2,2,0,0,0
Mohammad Adnan (Saudi),2019-2019,5,5,0,0,0
Mohammad Ahsan (KUW),2019-2019,6,6,0,0,0
Mohammad Amin (KUW),2019-2019,4,4,0,0,0
Mohammad Hasnain (PAK),2019-2019,4,4,0,0,0
Mohammad Iqbal (CAN),2008-2008,3,3,0,0,0
Mohamed Mahfooz (Mald),2019-2019,11,11,0,0,0
Mohammad Qazi (CAN),2008-2008,1,1,0,0,0
Mohammad Rafique (BDESH),2006-2006,1,1,0,0,0
Mohammad Shahid (BDESH),2016-2016,1,1,0,0,0
Mohammed Shami (INDIA),2014-2019,8,8,0,0,0
MR Montfort (CAN),2019-2019,1,1,0,0,0
VV Morea (PNG),2015-2017,5,5,0,0,0
A Morris (Caym),2019-2019,6,6,0,0,0
JWN Moses (Botsw),2019-2019,3,3,0,0,0
Mohsin Hub (Peru),2019-2019,4,4,0,0,0
Muaviath Ganee (Mald),2019-2019,5,5,0,0,0
Muhammad Hamayun (Saudi),2019-2019,4,4,0,0,0
Muhammad Musa (PAK),2019-2019,1,1,0,0,0
Muhammad Rafique (BAH),2019-2019,2,2,0,0,0
Muhammed Shanil (UAE),2016-2016,1,1,0,0,0
Muhammad Wafiq (MAL),2019-2019,4,4,0,0,0
D Muhumuza (UGA),2019-2019,4,4,0,0,0
Mukhtiar Singh (ESP),2019-2019,2,2,0,0,0
Muktar Ali (BDESH),2016-2016,1,1,0,0,0
FF Mulivai (Samoa),2019-2019,4,4,0,0,0
T Mupariwa (ZIM),2007-2008,4,4,0,0,0
S Murari (CRC),2019-2019,3,3,0,0,0
Musa Shaheen (DEN),2019-2019,1,1,0,0,0
P Mustard (ENG),2008-2008,2,2,0,0,0
F Mutizwa (ZIM),2011-2012,3,3,0,0,0
Nadif Chowdhury (BDESH),2006-2007,3,3,0,0,0
S Nadigotla (ROM),2019-2019,2,2,0,0,0
Najeeb Amar (HKG),2014-2014,1,1,0,0,0
A Nanda (LUX),2019-2019,3,3,0,0,0
M Nandela (Mex),2019-2019,2,2,0,0,0
A Nao (PNG),2017-2017,2,2,0,0,0
Nasir Aziz (UAE),2015-2015,1,1,0,0,0
Nasrulla Rana (HKG),2019-2019,8,8,0,0,0
Nauman Anwar (PAK),2015-2015,1,1,0,0,0
NH Naureen (ESP),2019-2019,1,1,0,0,0
Naveen-ul-Haq (AFG),2019-2019,4,4,0,0,0
Nawaf Ahmed (KUW),2019-2019,1,1,0,0,0
Nazimuddin (BDESH),2007-2008,7,7,0,0,0
Nazmul Hossain (BDESH),2009-2012,4,4,0,0,0
Nazmus Sadat (BDESH),2006-2006,1,1,0,0,0
R Neale (LUX),2019-2019,3,3,0,0,0
S Nerandzic (Serb),2019-2019,2,2,0,0,0
R Ngarava (ZIM),2019-2019,1,1,0,0,0
JO Ngoche (KENYA),2012-2013,7,7,0,0,0
HM Nicholls (NZ),2016-2019,5,5,0,0,0
D Nikolov (),2019-2019,3,3,0,0,0
K Nima (BHU),2019-2019,1,1,0,0,0
ML Nkala (ZIM),2006-2006,1,1,0,0,0
F Nkhoma (MWI),2019-2019,4,4,0,0,0
AA Noffke (AUS),2007-2008,2,2,0,0,0
Noman Kamawi (Belg),2019-2019,1,1,0,0,0
MJ North (AUS),2009-2009,1,1,0,0,0
A Nortje (SA),2019-2019,1,1,0,0,0
L Nou (PNG),2015-2015,3,3,0,0,0
GM Ntambalika (MWI),2019-2019,3,3,0,0,0
J Nyumbu (ZIM),2018-2018,2,2,0,0,0
IE O'Brien (NZ),2009-2009,4,4,0,0,0
NV Ojha (INDIA),2010-2010,2,2,0,0,0
PJ Ongondo (KENYA),2007-2008,8,8,0,0,0
LN Onyango (KENYA),2007-2010,5,5,0,0,0
A Orfila (GIBR),2019-2019,1,1,0,0,0
Ovais Yousof (NGA),2019-2019,3,3,0,0,0
VS Padhaal (Fin),2019-2019,5,5,0,0,0
BA Pai (GIBR),2019-2019,4,4,0,0,0
RJG Palmer (JER),2019-2019,2,2,0,0,0
MS Panesar (ENG),2007-2007,1,1,0,0,0
BA Parchment (WI),2007-2007,1,1,0,0,0
MA Parker (SCOT),2012-2012,2,2,0,0,0
MW Parkinson (ENG),2019-2019,2,2,0,0,0
Parvez Rasool (INDIA),2017-2017,1,1,0,0,0
A Patel (MWI),2019-2019,2,2,0,0,0
AY Patel (NZ),2018-2018,2,2,0,0,0
M Patel (PNM),2019-2019,2,2,0,0,0
M Patel (Chile),2019-2019,3,3,0,0,0
MIA Patel (MWI),2019-2019,3,3,0,0,0
MM Patel (INDIA),2011-2011,3,3,0,0,0
TK Patel (USA),2019-2019,7,7,0,0,0
N Pathan (THAI),2019-2019,4,4,0,0,0
SS Pathirana (SL),2016-2017,5,5,0,0,0
WA Peatfield (GUE),2019-2019,8,8,0,0,0
MDK Perera (SL),2011-2011,3,3,0,0,0
PDRL Perera (SL),2006-2006,2,2,0,0,0
S Periyalwar (ROM),2019-2019,4,4,0,0,0
V Permaul (WI),2018-2018,1,1,0,0,0
AM Phangiso (SA),2012-2018,16,16,0,0,0
T Phaswana (Botsw),2019-2019,1,1,0,0,0
S Pillai (CRC),2019-2019,3,3,0,0,0
LA Pomersbach (AUS),2007-2007,1,1,0,0,0
VRCF Poubel (),2019-2019,3,3,0,0,0
H Pragji (Botsw),2019-2019,4,4,0,0,0
C Prasad (CRC),2019-2019,3,3,0,0,0
KTGD Prasad (SL),2011-2011,1,1,0,0,0
D Pretorius (SA),2017-2019,6,6,0,0,0
AG Prince (SA),2005-2005,1,1,0,0,0
SMA Priyanjan (SL),2017-2017,3,3,0,0,0
Qalandar Khan (QAT),2019-2019,4,4,0,0,0
Qasim Zia (BAH),2019-2019,3,3,0,0,0
Rafatullah Mohmand (PAK),2015-2015,3,3,0,0,0
Rahman Ademi (Serb),2019-2019,2,2,0,0,0
P Raho (PNG),2016-2016,2,2,0,0,0
EC Rainsford (ZIM),2010-2010,2,2,0,0,0
PBB Rajapaksa (SL),2019-2019,5,5,0,0,0
Raja Adeel (ESP),2019-2019,3,3,0,0,0
CAK Rajitha (SL),2016-2019,10,10,0,0,0
Rakibul Hasan (ITA),2019-2019,8,7,0,0,0
RLB Rambukwella (SL),2013-2016,2,2,0,0,0
Rameez Raja (2) (PAK),2011-2011,2,2,0,0,0
SHA Rance (NZ),2017-2019,8,7,0,0,0
DA Rankin (IRE),2015-2016,2,2,0,0,0
RJ Ranpura (OMAN),2015-2016,3,2,0,0,0
Rashid Khan (NEPAL),2019-2019,1,1,0,0,0
KB Ratilal (PNM),2019-2019,3,3,0,0,0
Ravinder Singh (MALTA),2019-2019,2,2,0,0,0
Razmal Shigiwal (Aut),2019-2019,4,4,0,0,0
NJ Reardon (AUS),2014-2014,2,2,0,0,0
J Reb (Serb),2019-2019,2,2,0,0,0
Riazat Ali Shah (UGA),2019-2019,4,4,0,0,0
ACL Richards (WI),2007-2007,1,1,0,0,0
DM Richards (WI),2009-2009,1,1,0,0,0
EB Ringera (KENYA),2019-2019,1,1,0,0,0
R Rivas (Chile),2019-2019,3,3,0,0,0
CP Rizwan (UAE),2019-2019,5,5,0,0,0
Rizwan Mahmood (DEN),2019-2019,5,3,0,0,0
WJR Robertson (JER),2019-2019,6,6,0,0,0
Robiul Islam (BDESH),2013-2013,1,1,0,0,0
GA Rogers (SCOT),2008-2009,2,2,0,0,0
BJ Rohrer (AUS),2013-2013,1,1,0,0,0
Rokhan Barakzai (AFG),2015-2015,3,3,0,0,0
Rony Talukdar (BDESH),2015-2015,1,1,0,0,0
JA Rudolph (SA),2006-2006,1,1,0,0,0
SI Runsewe (NGA),2019-2019,6,6,0,0,0
AK Sah (NEPAL),2018-2018,1,1,0,0,0
TK Saha (Fin),2019-2019,4,4,0,0,0
Sajid Liaqat (GER),2019-2019,2,2,0,0,0
Sakib Hasan (Serb),2019-2019,2,2,0,0,0
BA Sambo (Moz),2019-2019,2,2,0,0,0
O Sam Arthur (CRC),2019-2019,3,3,0,0,0
Sandeep Sharma (INDIA),2015-2015,2,2,0,0,0
Saqlain Ali (Belg),2019-2019,2,2,0,0,0
Saqlain Sajib (BDESH),2016-2016,1,1,0,0,0
Sarfaraz Ali (BAH),2019-2019,4,4,0,0,0
R Satheesan (ROM),2019-2019,4,4,0,0,0
JOP Scamans (Fin),2019-2019,2,2,0,0,0
K Senamontree (THAI),2019-2019,2,2,0,0,0
YSD Seneveratne (Caym),2019-2019,6,6,0,0,0
M Sert (TKY),2019-2019,4,4,0,0,0
Shabbir Ahmed (PAK),2007-2007,1,1,0,0,0
Shabir Noori (AFG),2012-2012,1,1,0,0,0
L Shafeeg (Mald),2019-2019,3,3,0,0,0
Shahadat Hossain (BDESH),2006-2013,6,6,0,0,0
Shahbaz Badar (BAH),2019-2019,3,3,0,0,0
Shahzad Muhammad (Mex),2019-2019,2,2,0,0,0
Sharif Asadullah (UAE),2014-2014,1,1,0,0,0
KV Sharma (INDIA),2014-2014,1,1,0,0,0
R Sharma (INDIA),2012-2012,2,2,0,0,0
ZK Shem (VAN),2019-2019,5,5,0,0,0
Shoaib Gazi Hossain (Chile),2019-2019,4,4,0,0,0
PM Siddle (AUS),2009-2010,2,2,0,0,0
KM Silva (),2019-2019,3,3,0,0,0
BA Simango (Moz),2019-2019,2,2,0,0,0
LA Simango (Moz),2019-2019,3,3,0,0,0
M Simmons (BMUDA),2019-2019,2,2,0,0,0
Simranjit Singh (ITA),2019-2019,1,1,0,0,0
MS Sinclair (NZ),2005-2007,2,2,0,0,0
H Singh (GER),2019-2019,7,7,0,0,0
S Singh (PHI),2019-2019,4,4,0,0,0
S Singh (PORT),2019-2019,1,1,0,0,0
JR Singleton (),2019-2019,3,3,0,0,0
T Singye (BHU),2019-2019,2,2,0,0,0
RM Siri (Arg),2019-2019,4,4,0,0,0
DC Smith (PHI),2019-2019,4,4,0,0,0
OF Smith (WI),2018-2018,2,2,0,0,0
RAJ Smith (SCOT),2019-2019,2,2,0,0,0
Sohail Khan (PAK),2008-2017,5,5,0,0,0
S Sohal (USA),2019-2019,3,3,0,0,0
Soheel Hussain (Belg),2019-2019,1,1,0,0,0
M Sohel Patel (PNM),2019-2019,2,2,0,0,0
Sohrawordi Shuvo (BDESH),2010-2010,1,1,0,0,0
S Sola (Samoa),2019-2019,4,4,0,0,0
S Soosiyakumar (),2019-2019,1,1,0,0,0
ES Soto (CRC),2019-2019,1,1,0,0,0
M Spry (Peru),2019-2019,4,4,0,0,0
BB Sran (INDIA),2016-2016,2,2,0,0,0
L Sreekumar (UAE),2017-2017,1,1,0,0,0
H Ssenyondo (UGA),2019-2019,4,4,0,0,0
AJ Staal (NL),2019-2019,9,9,0,0,0
B Stanlake (AUS),2017-2019,19,19,0,0,0
AL Stephen (VAN),2019-2019,2,2,0,0,0
BS Stephenson (Blz),2019-2019,3,3,0,0,0
TJ Stephenson (Blz),2019-2019,1,1,0,0,0
Suhail Sadiq (LUX),2019-2019,2,2,0,0,0
Suhrid Roy (MALTA),2019-2019,1,1,0,0,0
Sumair Khan (MALTA),2019-2019,1,1,0,0,0
Suresh Kumar (Peru),2019-2019,2,2,0,0,0
ZE Surkari (CAN),2008-2008,4,4,0,0,0
MJ Swepson (AUS),2018-2018,1,1,0,0,0
Syazrul Idrus (MAL),2019-2019,2,2,0,0,0
Tafseer Ali (NOR),2019-2019,5,5,0,0,0
Taijul Islam (BDESH),2019-2019,2,2,0,0,0
Talha Khan (GER),2019-2019,1,1,0,0,0
Tanvir Ahmed (PAK),2010-2010,1,1,0,0,0
Tariq Aziz (PORT),2019-2019,4,4,0,0,0
Tarun Sharma (Mex),2019-2019,8,8,0,0,0
R Telemachus (SA),2006-2007,3,3,0,0,0
VE Tembo (Moz),2019-2019,6,5,0,0,0
H Thaker (CAN),2019-2019,1,1,0,0,0
J Thinley (BHU),2019-2019,2,2,0,0,0
AC Thomas (SA),2007-2007,1,1,0,0,0
O Thomas (WI),2018-2019,10,10,0,0,0
EP Thompson (NZ),2008-2008,1,1,0,0,0
S Thuraisingam (CAN),2008-2008,3,3,0,0,0
SF Tiai (Samoa),2019-2019,4,4,0,0,0
BM Tickner (NZ),2019-2019,3,3,0,0,0
CT Tremlett (ENG),2007-2007,1,1,0,0,0
IJL Trott (ENG),2007-2010,7,7,0,0,0
RJ Trott (BMUDA),2008-2019,15,15,0,0,0
TE Tucker (BMUDA),2008-2008,1,1,0,0,0
DR Tuffey (NZ),2005-2010,3,3,0,0,0
T Turan (TKY),2019-2019,4,4,0,0,0
HER Tyler (PHI),2019-2019,2,2,0,0,0
ML Udawatte (SL),2008-2017,8,8,0,0,0
T Ulutuna (TKY),2019-2019,3,3,0,0,0
R Ulutuna (TKY),2019-2019,4,4,0,0,0
Umair Ali (UAE),2015-2015,3,3,0,0,0
J Umanath (Mex),2019-2019,7,7,0,0,0
Usman Mushtaq (UAE),2016-2016,3,3,0,0,0
WPUJC Vaas (SL),2006-2007,6,6,0,0,0
JJ van der Wath (SA),2006-2007,8,8,0,0,0
VB van Jaarsveld (SA),2009-2009,3,3,0,0,0
S Varathappan (KUW),2019-2019,3,3,0,0,0
MP Vaughan (ENG),2005-2007,2,2,0,0,0
G Venkateswaran (LUX),2019-2019,3,3,0,0,0
JK Vifah (Ghana),2019-2019,3,3,0,0,0
V Vijh (LUX),2019-2019,4,4,0,0,0
Vikramjit Singh (NL),2019-2019,1,1,0,0,0
DJ Vilas (SA),2012-2012,1,1,0,0,0
TC Vine (ESP),2019-2019,6,6,0,0,0
R Vishwanath (LUX),2019-2019,2,2,0,0,0
C Vorster (GUE),2019-2019,1,1,0,0,0
Walid Ghauri (NOR),2019-2019,4,4,0,0,0
T Wangchuk jnr (BHU),2019-2019,2,2,0,0,0
S Waqas Ahmed (NOR),2019-2019,5,5,0,0,0
Waqas Khan (HKG),2014-2017,8,8,0,0,0
Waqas Maqsood (PAK),2018-2018,1,1,0,0,0
Waqas Raja (Fin),2019-2019,1,1,0,0,0
I Wardlaw (SCOT),2013-2013,4,4,0,0,0
Wasim Ali (OMAN),2019-2019,1,1,0,0,0
SMK Waththage (CZK-R),2019-2019,5,5,0,0,0
UWMBCA Welegedara (SL),2010-2010,2,2,0,0,0
T Whiteman (LUX),2019-2019,4,4,0,0,0
SG Whittingham (SCOT),2018-2018,3,3,0,0,0
G Wijekoon (SL),2007-2007,3,3,0,0,0
JW Wilson (NZ),2005-2005,1,1,0,0,0
MA Wood (ENG),2015-2019,5,5,0,0,0
Yamin Ahmadzai (AFG),2015-2015,2,2,0,0,0
N Yordanov (),2019-2019,2,2,0,0,0
Zain ul Tashnam (CRC),2019-2019,3,3,0,0,0
Zakir Hasan (BDESH),2018-2018,1,1,0,0,0
Zaki Ul Hassan (Belg),2019-2019,3,3,0,0,0
Zamir Khan (AFG),2012-2012,1,1,0,0,0
S Zargar (Mex),2019-2019,1,1,0,0,0
Zeeshan Siddiqui (OMAN),2015-2015,5,5,0,0,0
Zeshan Arif (Aut),2019-2019,4,4,0,0,0
Ziaur Rahman (AFG),2019-2019,1,1,0,0,0
Ziaur Rehman (Fin),2019-2019,1,1,0,0,0
Zohaib Sarwar (PORT),2019-2019,4,4,0,0,0
M Zondeki (SA),2006-2006,1,1,0,0,0
GMC Mol (NL),2008-2008,1,0,0,0,0
JD Schoonheim (NL),2008-2008,1,0,0,0,0
